vehicle_count,avg_speed_kmh,timestamp,intersection_id,weather,congestion_level,signal_time_seconds
92,19,2024-01-01 00:00:00,INT_6,Cloudy,High,28
116,37,2024-01-01 00:05:00,INT_11,Fog,High,56
44,35,2024-01-01 00:10:00,INT_6,Fog,Medium,83
72,44,2024-01-01 00:15:00,INT_8,Cloudy,Medium,87
51,45,2024-01-01 00:20:00,INT_13,Fog,Medium,62
59,33,2024-01-01 00:25:00,INT_8,Fog,Medium,23
17,65,2024-01-01 00:30:00,INT_5,Cloudy,Low,73
48,39,2024-01-01 00:35:00,INT_4,Rain,Medium,25
36,23,2024-01-01 00:40:00,INT_9,Fog,Low,63
107,53,2024-01-01 00:45:00,INT_17,Clear,High,74
79,31,2024-01-01 00:50:00,INT_17,Clear,Medium,74
40,59,2024-01-01 00:55:00,INT_18,Fog,Low,48
30,34,2024-01-01 01:00:00,INT_20,Cloudy,Low,34
118,63,2024-01-01 01:05:00,INT_8,Rain,High,85
83,39,2024-01-01 01:10:00,INT_2,Fog,High,89
27,55,2024-01-01 01:15:00,INT_17,Rain,Low,90
40,14,2024-01-01 01:20:00,INT_17,Cloudy,High,65
82,20,2024-01-01 01:25:00,INT_15,Fog,High,44
57,67,2024-01-01 01:30:00,INT_16,Clear,Medium,41
101,37,2024-01-01 01:35:00,INT_6,Rain,High,86
120,23,2024-01-01 01:40:00,INT_3,Rain,High,59
60,19,2024-01-01 01:45:00,INT_10,Cloudy,High,75
108,64,2024-01-01 01:50:00,INT_11,Rain,High,53
18,65,2024-01-01 01:55:00,INT_2,Cloudy,Low,35
44,51,2024-01-01 02:00:00,INT_20,Fog,Medium,32
35,68,2024-01-01 02:05:00,INT_5,Rain,Low,80
120,65,2024-01-01 02:10:00,INT_7,Clear,High,43
120,44,2024-01-01 02:15:00,INT_8,Clear,High,47
43,32,2024-01-01 02:20:00,INT_19,Cloudy,Medium,69
69,15,2024-01-01 02:25:00,INT_5,Cloudy,High,65
10,21,2024-01-01 02:30:00,INT_11,Rain,Low,21
70,63,2024-01-01 02:35:00,INT_6,Rain,Medium,77
113,44,2024-01-01 02:40:00,INT_5,Fog,High,34
69,69,2024-01-01 02:45:00,INT_20,Clear,Medium,51
11,20,2024-01-01 02:50:00,INT_1,Clear,Low,63
44,23,2024-01-01 02:55:00,INT_7,Clear,Medium,56
59,33,2024-01-01 03:00:00,INT_4,Clear,Medium,32
26,25,2024-01-01 03:05:00,INT_2,Clear,Low,36
87,35,2024-01-01 03:10:00,INT_8,Cloudy,High,70
43,52,2024-01-01 03:15:00,INT_2,Clear,Medium,21
113,18,2024-01-01 03:20:00,INT_1,Cloudy,High,36
78,32,2024-01-01 03:25:00,INT_4,Fog,Medium,45
37,48,2024-01-01 03:30:00,INT_7,Clear,Low,70
99,65,2024-01-01 03:35:00,INT_16,Clear,High,69
114,31,2024-01-01 03:40:00,INT_17,Rain,High,47
13,39,2024-01-01 03:45:00,INT_4,Cloudy,Low,63
9,42,2024-01-01 03:50:00,INT_16,Fog,Low,69
7,24,2024-01-01 03:55:00,INT_12,Fog,Low,89
58,46,2024-01-01 04:00:00,INT_14,Cloudy,Medium,26
86,30,2024-01-01 04:05:00,INT_11,Cloudy,High,67
88,33,2024-01-01 04:10:00,INT_15,Cloudy,High,32
95,56,2024-01-01 04:15:00,INT_13,Fog,High,66
16,17,2024-01-01 04:20:00,INT_19,Cloudy,High,53
102,13,2024-01-01 04:25:00,INT_7,Clear,High,35
78,11,2024-01-01 04:30:00,INT_7,Clear,High,60
72,21,2024-01-01 04:35:00,INT_18,Fog,Medium,87
23,22,2024-01-01 04:40:00,INT_5,Clear,Low,23
113,67,2024-01-01 04:45:00,INT_5,Cloudy,High,33
101,51,2024-01-01 04:50:00,INT_11,Fog,High,74
104,57,2024-01-01 04:55:00,INT_10,Rain,High,42
11,64,2024-01-01 05:00:00,INT_20,Cloudy,Low,31
92,26,2024-01-01 05:05:00,INT_19,Cloudy,High,61
118,38,2024-01-01 05:10:00,INT_7,Rain,High,53
100,60,2024-01-01 05:15:00,INT_20,Fog,High,59
16,18,2024-01-01 05:20:00,INT_2,Rain,High,84
43,11,2024-01-01 05:25:00,INT_18,Fog,High,47
115,19,2024-01-01 05:30:00,INT_5,Rain,High,36
95,70,2024-01-01 05:35:00,INT_1,Cloudy,High,32
96,66,2024-01-01 05:40:00,INT_6,Fog,High,43
42,35,2024-01-01 05:45:00,INT_13,Clear,Medium,20
110,55,2024-01-01 05:50:00,INT_9,Cloudy,High,63
103,22,2024-01-01 05:55:00,INT_11,Clear,High,68
5,50,2024-01-01 06:00:00,INT_16,Clear,Low,37
105,34,2024-01-01 06:05:00,INT_10,Fog,High,72
83,24,2024-01-01 06:10:00,INT_17,Rain,High,75
84,36,2024-01-01 06:15:00,INT_4,Cloudy,High,36
46,70,2024-01-01 06:20:00,INT_8,Fog,Medium,73
95,28,2024-01-01 06:25:00,INT_19,Clear,High,22
68,33,2024-01-01 06:30:00,INT_2,Cloudy,Medium,88
107,10,2024-01-01 06:35:00,INT_12,Clear,High,46
58,24,2024-01-01 06:40:00,INT_11,Fog,Medium,83
75,58,2024-01-01 06:45:00,INT_19,Clear,Medium,67
110,55,2024-01-01 06:50:00,INT_15,Rain,High,52
54,60,2024-01-01 06:55:00,INT_3,Rain,Medium,20
87,40,2024-01-01 07:00:00,INT_5,Fog,High,72
96,18,2024-01-01 07:05:00,INT_13,Cloudy,High,20
83,66,2024-01-01 07:10:00,INT_10,Cloudy,High,76
71,12,2024-01-01 07:15:00,INT_9,Cloudy,High,39
117,46,2024-01-01 07:20:00,INT_18,Clear,High,50
92,36,2024-01-01 07:25:00,INT_4,Fog,High,42
53,52,2024-01-01 07:30:00,INT_11,Clear,Medium,77
33,33,2024-01-01 07:35:00,INT_2,Cloudy,Low,57
116,14,2024-01-01 07:40:00,INT_9,Rain,High,37
10,57,2024-01-01 07:45:00,INT_10,Clear,Low,29
49,29,2024-01-01 07:50:00,INT_18,Fog,Medium,72
65,68,2024-01-01 07:55:00,INT_14,Rain,Medium,66
97,28,2024-01-01 08:00:00,INT_18,Cloudy,High,46
24,11,2024-01-01 08:05:00,INT_4,Cloudy,High,49
80,62,2024-01-01 08:10:00,INT_12,Cloudy,Medium,47
10,44,2024-01-01 08:15:00,INT_6,Fog,Low,72
86,26,2024-01-01 08:20:00,INT_5,Cloudy,High,39
67,31,2024-01-01 08:25:00,INT_15,Clear,Medium,47
11,45,2024-01-01 08:30:00,INT_5,Fog,Low,61
51,67,2024-01-01 08:35:00,INT_16,Cloudy,Medium,45
8,50,2024-01-01 08:40:00,INT_1,Clear,Low,67
111,44,2024-01-01 08:45:00,INT_1,Fog,High,35
79,47,2024-01-01 08:50:00,INT_6,Rain,Medium,88
112,66,2024-01-01 08:55:00,INT_5,Fog,High,80
72,53,2024-01-01 09:00:00,INT_6,Clear,Medium,44
8,30,2024-01-01 09:05:00,INT_11,Fog,Low,65
62,33,2024-01-01 09:10:00,INT_15,Rain,Medium,75
68,53,2024-01-01 09:15:00,INT_13,Clear,Medium,22
60,23,2024-01-01 09:20:00,INT_19,Fog,Medium,40
38,23,2024-01-01 09:25:00,INT_10,Rain,Low,26
104,13,2024-01-01 09:30:00,INT_18,Fog,High,38
30,41,2024-01-01 09:35:00,INT_18,Rain,Low,87
25,23,2024-01-01 09:40:00,INT_10,Rain,Low,73
110,33,2024-01-01 09:45:00,INT_10,Clear,High,80
93,27,2024-01-01 09:50:00,INT_12,Fog,High,75
39,15,2024-01-01 09:55:00,INT_1,Fog,High,78
51,36,2024-01-01 10:00:00,INT_14,Fog,Medium,74
111,45,2024-01-01 10:05:00,INT_10,Clear,High,61
78,60,2024-01-01 10:10:00,INT_18,Rain,Medium,59
35,37,2024-01-01 10:15:00,INT_6,Cloudy,Low,42
37,50,2024-01-01 10:20:00,INT_15,Cloudy,Low,80
79,10,2024-01-01 10:25:00,INT_11,Clear,High,42
90,26,2024-01-01 10:30:00,INT_2,Fog,High,20
10,38,2024-01-01 10:35:00,INT_14,Rain,Low,73
119,58,2024-01-01 10:40:00,INT_8,Fog,High,85
72,50,2024-01-01 10:45:00,INT_20,Clear,Medium,47
71,56,2024-01-01 10:50:00,INT_1,Fog,Medium,86
60,15,2024-01-01 10:55:00,INT_10,Rain,High,73
23,46,2024-01-01 11:00:00,INT_12,Clear,Low,48
54,63,2024-01-01 11:05:00,INT_10,Rain,Medium,75
79,59,2024-01-01 11:10:00,INT_17,Clear,Medium,36
13,66,2024-01-01 11:15:00,INT_12,Fog,Low,25
110,25,2024-01-01 11:20:00,INT_2,Clear,High,70
102,47,2024-01-01 11:25:00,INT_10,Clear,High,83
39,60,2024-01-01 11:30:00,INT_20,Rain,Low,22
40,20,2024-01-01 11:35:00,INT_6,Rain,Low,72
57,50,2024-01-01 11:40:00,INT_20,Fog,Medium,31
33,17,2024-01-01 11:45:00,INT_17,Rain,High,29
48,26,2024-01-01 11:50:00,INT_18,Rain,Medium,50
87,27,2024-01-01 11:55:00,INT_1,Cloudy,High,67
81,70,2024-01-01 12:00:00,INT_15,Clear,High,27
104,11,2024-01-01 12:05:00,INT_3,Clear,High,89
110,13,2024-01-01 12:10:00,INT_5,Fog,High,29
17,51,2024-01-01 12:15:00,INT_14,Cloudy,Low,40
54,29,2024-01-01 12:20:00,INT_16,Rain,Medium,88
102,26,2024-01-01 12:25:00,INT_6,Rain,High,45
78,31,2024-01-01 12:30:00,INT_9,Clear,Medium,75
13,27,2024-01-01 12:35:00,INT_13,Cloudy,Low,90
44,12,2024-01-01 12:40:00,INT_9,Rain,High,72
59,21,2024-01-01 12:45:00,INT_4,Cloudy,Medium,48
96,19,2024-01-01 12:50:00,INT_14,Cloudy,High,40
13,61,2024-01-01 12:55:00,INT_14,Rain,Low,87
23,37,2024-01-01 13:00:00,INT_5,Cloudy,Low,34
26,38,2024-01-01 13:05:00,INT_3,Cloudy,Low,30
50,24,2024-01-01 13:10:00,INT_16,Fog,Medium,55
91,29,2024-01-01 13:15:00,INT_13,Clear,High,81
114,29,2024-01-01 13:20:00,INT_9,Cloudy,High,29
75,21,2024-01-01 13:25:00,INT_2,Cloudy,Medium,66
22,32,2024-01-01 13:30:00,INT_4,Fog,Low,77
97,48,2024-01-01 13:35:00,INT_20,Cloudy,High,72
16,65,2024-01-01 13:40:00,INT_11,Rain,Low,30
89,61,2024-01-01 13:45:00,INT_5,Rain,High,21
47,51,2024-01-01 13:50:00,INT_2,Rain,Medium,76
119,62,2024-01-01 13:55:00,INT_18,Clear,High,53
31,39,2024-01-01 14:00:00,INT_16,Cloudy,Low,59
115,31,2024-01-01 14:05:00,INT_3,Clear,High,73
25,66,2024-01-01 14:10:00,INT_9,Clear,Low,40
68,56,2024-01-01 14:15:00,INT_15,Clear,Medium,41
23,10,2024-01-01 14:20:00,INT_4,Fog,High,69
115,60,2024-01-01 14:25:00,INT_11,Rain,High,49
51,32,2024-01-01 14:30:00,INT_15,Fog,Medium,56
31,69,2024-01-01 14:35:00,INT_18,Cloudy,Low,66
77,31,2024-01-01 14:40:00,INT_12,Rain,Medium,29
116,41,2024-01-01 14:45:00,INT_3,Clear,High,52
14,45,2024-01-01 14:50:00,INT_4,Cloudy,Low,62
114,15,2024-01-01 14:55:00,INT_12,Rain,High,76
60,30,2024-01-01 15:00:00,INT_4,Rain,Medium,83
47,25,2024-01-01 15:05:00,INT_19,Clear,Medium,88
36,39,2024-01-01 15:10:00,INT_3,Clear,Low,37
12,15,2024-01-01 15:15:00,INT_3,Fog,High,60
75,49,2024-01-01 15:20:00,INT_20,Fog,Medium,30
52,16,2024-01-01 15:25:00,INT_11,Clear,High,23
22,38,2024-01-01 15:30:00,INT_16,Cloudy,Low,35
109,22,2024-01-01 15:35:00,INT_16,Clear,High,68
120,31,2024-01-01 15:40:00,INT_19,Fog,High,88
6,11,2024-01-01 15:45:00,INT_12,Cloudy,High,24
39,59,2024-01-01 15:50:00,INT_19,Clear,Low,38
73,17,2024-01-01 15:55:00,INT_7,Cloudy,High,39
97,61,2024-01-01 16:00:00,INT_10,Rain,High,63
110,44,2024-01-01 16:05:00,INT_16,Clear,High,38
95,45,2024-01-01 16:10:00,INT_19,Clear,High,55
28,45,2024-01-01 16:15:00,INT_7,Fog,Low,41
78,51,2024-01-01 16:20:00,INT_1,Fog,Medium,45
45,70,2024-01-01 16:25:00,INT_10,Clear,Medium,58
42,45,2024-01-01 16:30:00,INT_2,Clear,Medium,43
32,27,2024-01-01 16:35:00,INT_14,Cloudy,Low,77
102,56,2024-01-01 16:40:00,INT_17,Clear,High,66
39,11,2024-01-01 16:45:00,INT_6,Rain,High,48
96,36,2024-01-01 16:50:00,INT_11,Fog,High,24
14,41,2024-01-01 16:55:00,INT_14,Fog,Low,70
35,52,2024-01-01 17:00:00,INT_16,Rain,Low,61
30,66,2024-01-01 17:05:00,INT_16,Fog,Low,31
120,54,2024-01-01 17:10:00,INT_2,Rain,High,20
61,21,2024-01-01 17:15:00,INT_10,Fog,Medium,58
74,20,2024-01-01 17:20:00,INT_12,Clear,Medium,50
17,70,2024-01-01 17:25:00,INT_19,Cloudy,Low,87
54,24,2024-01-01 17:30:00,INT_16,Rain,Medium,51
109,42,2024-01-01 17:35:00,INT_18,Cloudy,High,68
10,47,2024-01-01 17:40:00,INT_18,Clear,Low,22
68,22,2024-01-01 17:45:00,INT_5,Fog,Medium,26
19,13,2024-01-01 17:50:00,INT_10,Cloudy,High,28
71,11,2024-01-01 17:55:00,INT_7,Rain,High,35
87,70,2024-01-01 18:00:00,INT_20,Rain,High,20
81,26,2024-01-01 18:05:00,INT_16,Fog,High,45
13,38,2024-01-01 18:10:00,INT_13,Cloudy,Low,23
80,35,2024-01-01 18:15:00,INT_3,Clear,Medium,36
81,31,2024-01-01 18:20:00,INT_2,Clear,High,64
32,12,2024-01-01 18:25:00,INT_4,Cloudy,High,54
37,61,2024-01-01 18:30:00,INT_1,Rain,Low,77
26,55,2024-01-01 18:35:00,INT_8,Fog,Low,60
81,36,2024-01-01 18:40:00,INT_17,Fog,High,45
5,67,2024-01-01 18:45:00,INT_12,Fog,Low,27
50,65,2024-01-01 18:50:00,INT_13,Fog,Medium,47
16,59,2024-01-01 18:55:00,INT_6,Cloudy,Low,84
90,68,2024-01-01 19:00:00,INT_2,Cloudy,High,29
102,69,2024-01-01 19:05:00,INT_3,Cloudy,High,20
113,65,2024-01-01 19:10:00,INT_12,Clear,High,22
58,68,2024-01-01 19:15:00,INT_15,Clear,Medium,72
87,27,2024-01-01 19:20:00,INT_20,Fog,High,83
92,66,2024-01-01 19:25:00,INT_19,Fog,High,55
23,51,2024-01-01 19:30:00,INT_8,Clear,Low,35
38,11,2024-01-01 19:35:00,INT_12,Cloudy,High,24
119,16,2024-01-01 19:40:00,INT_19,Rain,High,26
25,47,2024-01-01 19:45:00,INT_6,Rain,Low,31
80,54,2024-01-01 19:50:00,INT_19,Clear,Medium,70
92,46,2024-01-01 19:55:00,INT_3,Rain,High,29
91,15,2024-01-01 20:00:00,INT_12,Cloudy,High,39
76,43,2024-01-01 20:05:00,INT_20,Fog,Medium,63
13,30,2024-01-01 20:10:00,INT_5,Rain,Low,39
53,21,2024-01-01 20:15:00,INT_7,Cloudy,Medium,45
32,24,2024-01-01 20:20:00,INT_20,Cloudy,Low,69
104,35,2024-01-01 20:25:00,INT_11,Clear,High,70
32,63,2024-01-01 20:30:00,INT_3,Fog,Low,81
61,60,2024-01-01 20:35:00,INT_15,Fog,Medium,57
29,21,2024-01-01 20:40:00,INT_8,Clear,Low,38
46,42,2024-01-01 20:45:00,INT_7,Clear,Medium,43
69,63,2024-01-01 20:50:00,INT_16,Rain,Medium,22
114,11,2024-01-01 20:55:00,INT_18,Clear,High,40
45,37,2024-01-01 21:00:00,INT_5,Cloudy,Medium,22
105,32,2024-01-01 21:05:00,INT_15,Rain,High,32
74,10,2024-01-01 21:10:00,INT_16,Rain,High,36
42,21,2024-01-01 21:15:00,INT_17,Fog,Medium,56
6,37,2024-01-01 21:20:00,INT_6,Cloudy,Low,90
119,27,2024-01-01 21:25:00,INT_17,Clear,High,20
41,50,2024-01-01 21:30:00,INT_6,Rain,Medium,54
35,46,2024-01-01 21:35:00,INT_3,Clear,Low,46
5,10,2024-01-01 21:40:00,INT_16,Clear,High,82
97,54,2024-01-01 21:45:00,INT_1,Rain,High,75
112,62,2024-01-01 21:50:00,INT_8,Fog,High,76
7,53,2024-01-01 21:55:00,INT_4,Fog,Low,37
13,25,2024-01-01 22:00:00,INT_5,Clear,Low,38
16,19,2024-01-01 22:05:00,INT_8,Fog,High,90
105,16,2024-01-01 22:10:00,INT_1,Rain,High,39
81,24,2024-01-01 22:15:00,INT_14,Clear,High,23
80,29,2024-01-01 22:20:00,INT_19,Fog,Medium,61
115,24,2024-01-01 22:25:00,INT_1,Cloudy,High,36
64,59,2024-01-01 22:30:00,INT_6,Rain,Medium,72
12,66,2024-01-01 22:35:00,INT_19,Fog,Low,63
47,13,2024-01-01 22:40:00,INT_2,Clear,High,82
11,24,2024-01-01 22:45:00,INT_8,Cloudy,Low,27
82,63,2024-01-01 22:50:00,INT_6,Clear,High,74
56,44,2024-01-01 22:55:00,INT_17,Cloudy,Medium,40
21,11,2024-01-01 23:00:00,INT_10,Fog,High,70
111,60,2024-01-01 23:05:00,INT_13,Cloudy,High,46
52,30,2024-01-01 23:10:00,INT_12,Rain,Medium,68
98,69,2024-01-01 23:15:00,INT_20,Cloudy,High,55
53,58,2024-01-01 23:20:00,INT_13,Clear,Medium,42
105,31,2024-01-01 23:25:00,INT_2,Clear,High,20
48,54,2024-01-01 23:30:00,INT_12,Cloudy,Medium,61
63,32,2024-01-01 23:35:00,INT_2,Fog,Medium,79
68,17,2024-01-01 23:40:00,INT_20,Clear,High,71
60,68,2024-01-01 23:45:00,INT_12,Fog,Medium,22
120,60,2024-01-01 23:50:00,INT_10,Cloudy,High,78
72,20,2024-01-01 23:55:00,INT_2,Cloudy,Medium,53
76,29,2024-01-02 00:00:00,INT_5,Fog,Medium,20
110,25,2024-01-02 00:05:00,INT_7,Rain,High,54
15,34,2024-01-02 00:10:00,INT_8,Rain,Low,34
94,26,2024-01-02 00:15:00,INT_9,Rain,High,58
100,63,2024-01-02 00:20:00,INT_10,Clear,High,81
71,70,2024-01-02 00:25:00,INT_14,Cloudy,Medium,43
46,15,2024-01-02 00:30:00,INT_17,Fog,High,29
100,66,2024-01-02 00:35:00,INT_6,Clear,High,57
46,19,2024-01-02 00:40:00,INT_15,Fog,High,89
9,55,2024-01-02 00:45:00,INT_4,Fog,Low,49
28,45,2024-01-02 00:50:00,INT_14,Clear,Low,29
77,48,2024-01-02 00:55:00,INT_8,Cloudy,Medium,70
13,12,2024-01-02 01:00:00,INT_17,Clear,High,74
13,65,2024-01-02 01:05:00,INT_4,Rain,Low,34
44,61,2024-01-02 01:10:00,INT_8,Clear,Medium,80
120,48,2024-01-02 01:15:00,INT_3,Rain,High,42
100,67,2024-01-02 01:20:00,INT_18,Fog,High,88
104,35,2024-01-02 01:25:00,INT_7,Fog,High,76
24,26,2024-01-02 01:30:00,INT_16,Rain,Low,75
21,65,2024-01-02 01:35:00,INT_4,Clear,Low,29
77,51,2024-01-02 01:40:00,INT_4,Rain,Medium,60
118,34,2024-01-02 01:45:00,INT_4,Cloudy,High,58
103,18,2024-01-02 01:50:00,INT_6,Rain,High,85
57,26,2024-01-02 01:55:00,INT_11,Rain,Medium,81
35,61,2024-01-02 02:00:00,INT_13,Fog,Low,85
93,62,2024-01-02 02:05:00,INT_9,Rain,High,52
96,53,2024-01-02 02:10:00,INT_15,Clear,High,67
50,59,2024-01-02 02:15:00,INT_19,Rain,Medium,84
9,26,2024-01-02 02:20:00,INT_10,Rain,Low,34
99,53,2024-01-02 02:25:00,INT_10,Clear,High,90
56,32,2024-01-02 02:30:00,INT_6,Cloudy,Medium,50
13,28,2024-01-02 02:35:00,INT_1,Clear,Low,41
87,19,2024-01-02 02:40:00,INT_19,Cloudy,High,69
81,12,2024-01-02 02:45:00,INT_15,Clear,High,47
87,65,2024-01-02 02:50:00,INT_8,Rain,High,51
54,54,2024-01-02 02:55:00,INT_18,Cloudy,Medium,67
51,13,2024-01-02 03:00:00,INT_10,Fog,High,65
108,38,2024-01-02 03:05:00,INT_16,Cloudy,High,56
94,65,2024-01-02 03:10:00,INT_3,Clear,High,26
39,22,2024-01-02 03:15:00,INT_6,Cloudy,Low,20
29,20,2024-01-02 03:20:00,INT_20,Clear,Low,71
115,14,2024-01-02 03:25:00,INT_2,Cloudy,High,67
116,35,2024-01-02 03:30:00,INT_8,Rain,High,85
15,59,2024-01-02 03:35:00,INT_12,Rain,Low,23
30,47,2024-01-02 03:40:00,INT_16,Clear,Low,24
25,27,2024-01-02 03:45:00,INT_12,Rain,Low,85
103,52,2024-01-02 03:50:00,INT_1,Rain,High,27
70,30,2024-01-02 03:55:00,INT_7,Fog,Medium,22
13,68,2024-01-02 04:00:00,INT_17,Rain,Low,40
5,52,2024-01-02 04:05:00,INT_12,Cloudy,Low,49
85,47,2024-01-02 04:10:00,INT_15,Fog,High,33
90,26,2024-01-02 04:15:00,INT_2,Rain,High,90
86,67,2024-01-02 04:20:00,INT_8,Rain,High,74
80,35,2024-01-02 04:25:00,INT_11,Clear,Medium,52
108,18,2024-01-02 04:30:00,INT_1,Rain,High,83
119,24,2024-01-02 04:35:00,INT_8,Rain,High,23
99,37,2024-01-02 04:40:00,INT_1,Rain,High,64
61,11,2024-01-02 04:45:00,INT_19,Fog,High,41
99,51,2024-01-02 04:50:00,INT_3,Cloudy,High,31
31,58,2024-01-02 04:55:00,INT_12,Cloudy,Low,43
50,47,2024-01-02 05:00:00,INT_9,Clear,Medium,74
99,60,2024-01-02 05:05:00,INT_20,Cloudy,High,88
103,56,2024-01-02 05:10:00,INT_2,Cloudy,High,21
114,57,2024-01-02 05:15:00,INT_7,Cloudy,High,23
67,55,2024-01-02 05:20:00,INT_14,Cloudy,Medium,32
63,52,2024-01-02 05:25:00,INT_14,Clear,Medium,26
92,45,2024-01-02 05:30:00,INT_13,Fog,High,84
54,27,2024-01-02 05:35:00,INT_8,Clear,Medium,26
43,64,2024-01-02 05:40:00,INT_17,Cloudy,Medium,34
23,14,2024-01-02 05:45:00,INT_6,Rain,High,28
45,44,2024-01-02 05:50:00,INT_20,Rain,Medium,39
97,32,2024-01-02 05:55:00,INT_13,Rain,High,54
109,65,2024-01-02 06:00:00,INT_19,Cloudy,High,33
24,47,2024-01-02 06:05:00,INT_16,Fog,Low,60
67,18,2024-01-02 06:10:00,INT_6,Cloudy,High,78
120,17,2024-01-02 06:15:00,INT_17,Fog,High,32
52,52,2024-01-02 06:20:00,INT_4,Rain,Medium,72
32,53,2024-01-02 06:25:00,INT_1,Clear,Low,61
69,40,2024-01-02 06:30:00,INT_8,Fog,Medium,70
12,68,2024-01-02 06:35:00,INT_9,Fog,Low,32
13,22,2024-01-02 06:40:00,INT_8,Fog,Low,57
104,39,2024-01-02 06:45:00,INT_12,Cloudy,High,79
24,34,2024-01-02 06:50:00,INT_15,Rain,Low,52
50,62,2024-01-02 06:55:00,INT_9,Rain,Medium,30
107,20,2024-01-02 07:00:00,INT_16,Rain,High,70
68,28,2024-01-02 07:05:00,INT_19,Rain,Medium,73
65,50,2024-01-02 07:10:00,INT_13,Rain,Medium,33
120,51,2024-01-02 07:15:00,INT_5,Fog,High,51
96,36,2024-01-02 07:20:00,INT_2,Clear,High,89
73,21,2024-01-02 07:25:00,INT_2,Rain,Medium,63
98,29,2024-01-02 07:30:00,INT_11,Cloudy,High,71
17,17,2024-01-02 07:35:00,INT_13,Rain,High,55
62,29,2024-01-02 07:40:00,INT_20,Rain,Medium,41
52,67,2024-01-02 07:45:00,INT_19,Cloudy,Medium,47
68,25,2024-01-02 07:50:00,INT_1,Rain,Medium,27
89,69,2024-01-02 07:55:00,INT_10,Fog,High,38
120,40,2024-01-02 08:00:00,INT_18,Rain,High,53
119,10,2024-01-02 08:05:00,INT_3,Rain,High,50
89,47,2024-01-02 08:10:00,INT_16,Cloudy,High,90
80,54,2024-01-02 08:15:00,INT_18,Fog,Medium,74
22,14,2024-01-02 08:20:00,INT_2,Clear,High,23
10,27,2024-01-02 08:25:00,INT_12,Fog,Low,58
19,66,2024-01-02 08:30:00,INT_15,Rain,Low,65
118,39,2024-01-02 08:35:00,INT_3,Rain,High,51
104,44,2024-01-02 08:40:00,INT_16,Clear,High,26
30,67,2024-01-02 08:45:00,INT_20,Clear,Low,33
69,62,2024-01-02 08:50:00,INT_18,Rain,Medium,63
20,28,2024-01-02 08:55:00,INT_3,Rain,Low,46
40,65,2024-01-02 09:00:00,INT_13,Cloudy,Low,70
26,12,2024-01-02 09:05:00,INT_11,Rain,High,37
38,15,2024-01-02 09:10:00,INT_16,Clear,High,21
107,37,2024-01-02 09:15:00,INT_20,Fog,High,26
60,54,2024-01-02 09:20:00,INT_6,Cloudy,Medium,34
114,23,2024-01-02 09:25:00,INT_14,Rain,High,56
73,60,2024-01-02 09:30:00,INT_15,Rain,Medium,89
102,50,2024-01-02 09:35:00,INT_11,Rain,High,27
35,55,2024-01-02 09:40:00,INT_7,Fog,Low,88
120,36,2024-01-02 09:45:00,INT_1,Fog,High,60
70,12,2024-01-02 09:50:00,INT_14,Cloudy,High,31
31,57,2024-01-02 09:55:00,INT_2,Clear,Low,44
14,36,2024-01-02 10:00:00,INT_16,Clear,Low,30
87,51,2024-01-02 10:05:00,INT_20,Clear,High,28
50,37,2024-01-02 10:10:00,INT_14,Fog,Medium,77
44,38,2024-01-02 10:15:00,INT_1,Cloudy,Medium,56
107,45,2024-01-02 10:20:00,INT_2,Cloudy,High,25
57,44,2024-01-02 10:25:00,INT_12,Clear,Medium,87
87,61,2024-01-02 10:30:00,INT_14,Fog,High,83
48,36,2024-01-02 10:35:00,INT_5,Fog,Medium,59
70,38,2024-01-02 10:40:00,INT_18,Rain,Medium,83
88,23,2024-01-02 10:45:00,INT_19,Rain,High,90
14,19,2024-01-02 10:50:00,INT_14,Cloudy,High,21
15,60,2024-01-02 10:55:00,INT_1,Rain,Low,50
90,70,2024-01-02 11:00:00,INT_15,Clear,High,75
56,35,2024-01-02 11:05:00,INT_14,Fog,Medium,89
45,34,2024-01-02 11:10:00,INT_19,Fog,Medium,87
64,67,2024-01-02 11:15:00,INT_10,Cloudy,Medium,87
25,14,2024-01-02 11:20:00,INT_1,Rain,High,69
57,52,2024-01-02 11:25:00,INT_17,Fog,Medium,69
36,58,2024-01-02 11:30:00,INT_2,Clear,Low,35
88,65,2024-01-02 11:35:00,INT_16,Rain,High,74
31,60,2024-01-02 11:40:00,INT_5,Fog,Low,89
118,47,2024-01-02 11:45:00,INT_19,Clear,High,23
92,57,2024-01-02 11:50:00,INT_6,Fog,High,24
58,70,2024-01-02 11:55:00,INT_4,Cloudy,Medium,90
58,66,2024-01-02 12:00:00,INT_4,Cloudy,Medium,57
66,68,2024-01-02 12:05:00,INT_19,Clear,Medium,57
13,16,2024-01-02 12:10:00,INT_15,Fog,High,66
65,15,2024-01-02 12:15:00,INT_19,Fog,High,53
118,13,2024-01-02 12:20:00,INT_11,Fog,High,49
76,18,2024-01-02 12:25:00,INT_7,Fog,High,65
56,63,2024-01-02 12:30:00,INT_9,Clear,Medium,48
59,61,2024-01-02 12:35:00,INT_3,Clear,Medium,75
115,28,2024-01-02 12:40:00,INT_7,Fog,High,84
111,67,2024-01-02 12:45:00,INT_15,Cloudy,High,52
69,59,2024-01-02 12:50:00,INT_20,Fog,Medium,75
33,25,2024-01-02 12:55:00,INT_17,Fog,Low,38
7,10,2024-01-02 13:00:00,INT_6,Clear,High,41
15,34,2024-01-02 13:05:00,INT_16,Rain,Low,47
91,20,2024-01-02 13:10:00,INT_9,Rain,High,60
75,12,2024-01-02 13:15:00,INT_20,Clear,High,20
13,66,2024-01-02 13:20:00,INT_10,Clear,Low,73
12,64,2024-01-02 13:25:00,INT_15,Fog,Low,68
63,18,2024-01-02 13:30:00,INT_8,Rain,High,61
96,66,2024-01-02 13:35:00,INT_2,Fog,High,35
72,69,2024-01-02 13:40:00,INT_3,Rain,Medium,57
76,30,2024-01-02 13:45:00,INT_7,Fog,Medium,71
8,40,2024-01-02 13:50:00,INT_10,Cloudy,Low,72
64,13,2024-01-02 13:55:00,INT_4,Rain,High,77
5,50,2024-01-02 14:00:00,INT_9,Rain,Low,83
26,32,2024-01-02 14:05:00,INT_3,Rain,Low,61
8,28,2024-01-02 14:10:00,INT_5,Fog,Low,68
34,68,2024-01-02 14:15:00,INT_1,Cloudy,Low,49
19,42,2024-01-02 14:20:00,INT_19,Rain,Low,30
78,41,2024-01-02 14:25:00,INT_4,Cloudy,Medium,37
24,23,2024-01-02 14:30:00,INT_18,Clear,Low,88
12,54,2024-01-02 14:35:00,INT_9,Fog,Low,88
55,22,2024-01-02 14:40:00,INT_13,Rain,Medium,21
36,35,2024-01-02 14:45:00,INT_6,Fog,Low,39
41,15,2024-01-02 14:50:00,INT_1,Fog,High,60
93,22,2024-01-02 14:55:00,INT_2,Fog,High,37
97,42,2024-01-02 15:00:00,INT_20,Cloudy,High,52
102,45,2024-01-02 15:05:00,INT_20,Cloudy,High,44
68,50,2024-01-02 15:10:00,INT_3,Clear,Medium,24
38,30,2024-01-02 15:15:00,INT_9,Rain,Low,70
118,34,2024-01-02 15:20:00,INT_14,Cloudy,High,42
77,55,2024-01-02 15:25:00,INT_12,Clear,Medium,27
73,60,2024-01-02 15:30:00,INT_7,Rain,Medium,78
108,35,2024-01-02 15:35:00,INT_3,Cloudy,High,38
77,36,2024-01-02 15:40:00,INT_2,Clear,Medium,79
91,60,2024-01-02 15:45:00,INT_1,Fog,High,51
6,42,2024-01-02 15:50:00,INT_14,Rain,Low,43
18,47,2024-01-02 15:55:00,INT_20,Fog,Low,59
19,16,2024-01-02 16:00:00,INT_3,Cloudy,High,24
36,50,2024-01-02 16:05:00,INT_2,Rain,Low,62
119,55,2024-01-02 16:10:00,INT_2,Rain,High,84
80,63,2024-01-02 16:15:00,INT_14,Clear,Medium,47
26,66,2024-01-02 16:20:00,INT_8,Cloudy,Low,25
107,31,2024-01-02 16:25:00,INT_11,Cloudy,High,90
41,59,2024-01-02 16:30:00,INT_16,Rain,Medium,34
82,30,2024-01-02 16:35:00,INT_18,Clear,High,79
108,33,2024-01-02 16:40:00,INT_14,Rain,High,49
9,25,2024-01-02 16:45:00,INT_2,Rain,Low,79
100,53,2024-01-02 16:50:00,INT_6,Rain,High,53
40,52,2024-01-02 16:55:00,INT_17,Cloudy,Low,75
112,38,2024-01-02 17:00:00,INT_10,Fog,High,81
37,62,2024-01-02 17:05:00,INT_19,Fog,Low,71
65,33,2024-01-02 17:10:00,INT_18,Fog,Medium,80
7,42,2024-01-02 17:15:00,INT_3,Rain,Low,50
110,42,2024-01-02 17:20:00,INT_6,Fog,High,45
72,17,2024-01-02 17:25:00,INT_6,Clear,High,39
104,47,2024-01-02 17:30:00,INT_2,Fog,High,73
28,55,2024-01-02 17:35:00,INT_13,Fog,Low,32
61,19,2024-01-02 17:40:00,INT_12,Clear,High,63
48,18,2024-01-02 17:45:00,INT_18,Fog,High,87
64,26,2024-01-02 17:50:00,INT_18,Fog,Medium,82
101,46,2024-01-02 17:55:00,INT_17,Fog,High,72
30,62,2024-01-02 18:00:00,INT_3,Rain,Low,24
46,44,2024-01-02 18:05:00,INT_8,Cloudy,Medium,69
107,20,2024-01-02 18:10:00,INT_8,Fog,High,69
84,14,2024-01-02 18:15:00,INT_13,Rain,High,33
38,69,2024-01-02 18:20:00,INT_15,Fog,Low,28
110,42,2024-01-02 18:25:00,INT_6,Cloudy,High,38
36,10,2024-01-02 18:30:00,INT_20,Clear,High,52
108,61,2024-01-02 18:35:00,INT_1,Rain,High,64
77,48,2024-01-02 18:40:00,INT_20,Rain,Medium,42
59,53,2024-01-02 18:45:00,INT_12,Cloudy,Medium,68
73,39,2024-01-02 18:50:00,INT_16,Cloudy,Medium,41
88,52,2024-01-02 18:55:00,INT_13,Fog,High,20
119,69,2024-01-02 19:00:00,INT_1,Cloudy,High,64
12,67,2024-01-02 19:05:00,INT_5,Clear,Low,38
34,15,2024-01-02 19:10:00,INT_16,Rain,High,59
116,30,2024-01-02 19:15:00,INT_14,Clear,High,88
75,38,2024-01-02 19:20:00,INT_3,Rain,Medium,87
78,68,2024-01-02 19:25:00,INT_11,Cloudy,Medium,54
118,61,2024-01-02 19:30:00,INT_14,Fog,High,45
78,37,2024-01-02 19:35:00,INT_17,Fog,Medium,65
18,36,2024-01-02 19:40:00,INT_12,Clear,Low,86
97,53,2024-01-02 19:45:00,INT_17,Fog,High,61
107,53,2024-01-02 19:50:00,INT_17,Fog,High,34
105,60,2024-01-02 19:55:00,INT_9,Clear,High,40
66,47,2024-01-02 20:00:00,INT_17,Fog,Medium,44
26,28,2024-01-02 20:05:00,INT_15,Fog,Low,82
33,14,2024-01-02 20:10:00,INT_9,Cloudy,High,65
82,65,2024-01-02 20:15:00,INT_17,Rain,High,59
11,60,2024-01-02 20:20:00,INT_7,Cloudy,Low,59
120,54,2024-01-02 20:25:00,INT_8,Fog,High,71
83,38,2024-01-02 20:30:00,INT_19,Rain,High,24
101,20,2024-01-02 20:35:00,INT_12,Clear,High,63
94,34,2024-01-02 20:40:00,INT_15,Cloudy,High,75
54,68,2024-01-02 20:45:00,INT_12,Fog,Medium,56
42,12,2024-01-02 20:50:00,INT_8,Fog,High,90
49,26,2024-01-02 20:55:00,INT_4,Fog,Medium,42
37,37,2024-01-02 21:00:00,INT_3,Fog,Low,82
69,36,2024-01-02 21:05:00,INT_12,Cloudy,Medium,41
119,61,2024-01-02 21:10:00,INT_9,Fog,High,58
112,30,2024-01-02 21:15:00,INT_3,Fog,High,81
25,52,2024-01-02 21:20:00,INT_6,Fog,Low,54
78,58,2024-01-02 21:25:00,INT_11,Cloudy,Medium,62
64,59,2024-01-02 21:30:00,INT_13,Rain,Medium,89
53,59,2024-01-02 21:35:00,INT_10,Cloudy,Medium,74
88,16,2024-01-02 21:40:00,INT_4,Cloudy,High,37
120,68,2024-01-02 21:45:00,INT_10,Clear,High,26
111,50,2024-01-02 21:50:00,INT_14,Clear,High,68
99,41,2024-01-02 21:55:00,INT_6,Clear,High,52
80,41,2024-01-02 22:00:00,INT_4,Clear,Medium,20
83,35,2024-01-02 22:05:00,INT_6,Rain,High,78
36,56,2024-01-02 22:10:00,INT_3,Rain,Low,81
108,38,2024-01-02 22:15:00,INT_1,Cloudy,High,84
26,59,2024-01-02 22:20:00,INT_11,Cloudy,Low,24
89,47,2024-01-02 22:25:00,INT_5,Fog,High,75
11,62,2024-01-02 22:30:00,INT_7,Rain,Low,56
117,51,2024-01-02 22:35:00,INT_3,Cloudy,High,24
71,52,2024-01-02 22:40:00,INT_11,Fog,Medium,20
68,42,2024-01-02 22:45:00,INT_5,Fog,Medium,76
105,50,2024-01-02 22:50:00,INT_4,Rain,High,61
45,59,2024-01-02 22:55:00,INT_1,Fog,Medium,86
88,37,2024-01-02 23:00:00,INT_18,Rain,High,67
27,27,2024-01-02 23:05:00,INT_1,Rain,Low,41
11,18,2024-01-02 23:10:00,INT_9,Rain,High,60
114,23,2024-01-02 23:15:00,INT_17,Clear,High,40
77,11,2024-01-02 23:20:00,INT_4,Cloudy,High,42
39,37,2024-01-02 23:25:00,INT_7,Fog,Low,65
54,59,2024-01-02 23:30:00,INT_2,Cloudy,Medium,88
83,66,2024-01-02 23:35:00,INT_13,Clear,High,30
93,27,2024-01-02 23:40:00,INT_13,Clear,High,90
101,23,2024-01-02 23:45:00,INT_20,Cloudy,High,40
120,68,2024-01-02 23:50:00,INT_16,Cloudy,High,54
106,63,2024-01-02 23:55:00,INT_2,Cloudy,High,79
104,64,2024-01-03 00:00:00,INT_9,Clear,High,82
91,46,2024-01-03 00:05:00,INT_10,Cloudy,High,58
61,12,2024-01-03 00:10:00,INT_2,Clear,High,46
52,35,2024-01-03 00:15:00,INT_4,Fog,Medium,78
34,13,2024-01-03 00:20:00,INT_16,Rain,High,60
102,70,2024-01-03 00:25:00,INT_4,Fog,High,70
50,54,2024-01-03 00:30:00,INT_18,Clear,Medium,64
114,47,2024-01-03 00:35:00,INT_16,Fog,High,64
115,49,2024-01-03 00:40:00,INT_17,Fog,High,62
73,30,2024-01-03 00:45:00,INT_1,Clear,Medium,87
93,64,2024-01-03 00:50:00,INT_1,Clear,High,63
88,30,2024-01-03 00:55:00,INT_15,Cloudy,High,43
52,22,2024-01-03 01:00:00,INT_7,Rain,Medium,43
70,62,2024-01-03 01:05:00,INT_1,Fog,Medium,87
27,15,2024-01-03 01:10:00,INT_16,Clear,High,83
95,10,2024-01-03 01:15:00,INT_3,Cloudy,High,80
47,51,2024-01-03 01:20:00,INT_20,Rain,Medium,45
112,15,2024-01-03 01:25:00,INT_17,Cloudy,High,82
74,38,2024-01-03 01:30:00,INT_3,Fog,Medium,50
106,44,2024-01-03 01:35:00,INT_10,Clear,High,38
58,27,2024-01-03 01:40:00,INT_6,Rain,Medium,53
37,52,2024-01-03 01:45:00,INT_6,Rain,Low,55
113,70,2024-01-03 01:50:00,INT_19,Clear,High,85
108,54,2024-01-03 01:55:00,INT_17,Rain,High,44
64,26,2024-01-03 02:00:00,INT_3,Fog,Medium,88
116,24,2024-01-03 02:05:00,INT_13,Cloudy,High,88
21,14,2024-01-03 02:10:00,INT_3,Fog,High,75
102,43,2024-01-03 02:15:00,INT_3,Rain,High,70
53,39,2024-01-03 02:20:00,INT_15,Rain,Medium,63
77,42,2024-01-03 02:25:00,INT_14,Clear,Medium,31
13,38,2024-01-03 02:30:00,INT_1,Clear,Low,40
25,66,2024-01-03 02:35:00,INT_9,Fog,Low,70
30,24,2024-01-03 02:40:00,INT_4,Fog,Low,78
120,13,2024-01-03 02:45:00,INT_14,Cloudy,High,29
13,69,2024-01-03 02:50:00,INT_18,Cloudy,Low,83
61,65,2024-01-03 02:55:00,INT_15,Clear,Medium,49
83,34,2024-01-03 03:00:00,INT_10,Cloudy,High,76
9,24,2024-01-03 03:05:00,INT_20,Rain,Low,68
6,39,2024-01-03 03:10:00,INT_7,Rain,Low,83
19,54,2024-01-03 03:15:00,INT_11,Clear,Low,26
63,61,2024-01-03 03:20:00,INT_6,Clear,Medium,63
28,20,2024-01-03 03:25:00,INT_16,Fog,Low,31
70,45,2024-01-03 03:30:00,INT_10,Rain,Medium,83
66,57,2024-01-03 03:35:00,INT_10,Rain,Medium,42
76,52,2024-01-03 03:40:00,INT_6,Clear,Medium,73
85,51,2024-01-03 03:45:00,INT_19,Rain,High,71
59,60,2024-01-03 03:50:00,INT_5,Cloudy,Medium,79
19,31,2024-01-03 03:55:00,INT_18,Fog,Low,74
46,27,2024-01-03 04:00:00,INT_6,Rain,Medium,53
7,66,2024-01-03 04:05:00,INT_15,Fog,Low,64
105,11,2024-01-03 04:10:00,INT_4,Fog,High,81
105,15,2024-01-03 04:15:00,INT_8,Rain,High,78
72,67,2024-01-03 04:20:00,INT_14,Rain,Medium,21
78,32,2024-01-03 04:25:00,INT_5,Clear,Medium,77
37,59,2024-01-03 04:30:00,INT_19,Cloudy,Low,79
102,25,2024-01-03 04:35:00,INT_5,Rain,High,41
119,17,2024-01-03 04:40:00,INT_20,Fog,High,47
53,29,2024-01-03 04:45:00,INT_3,Cloudy,Medium,61
108,65,2024-01-03 04:50:00,INT_12,Cloudy,High,61
64,19,2024-01-03 04:55:00,INT_20,Cloudy,High,57
56,65,2024-01-03 05:00:00,INT_4,Cloudy,Medium,42
48,45,2024-01-03 05:05:00,INT_20,Cloudy,Medium,29
18,29,2024-01-03 05:10:00,INT_1,Fog,Low,88
112,52,2024-01-03 05:15:00,INT_15,Fog,High,57
34,34,2024-01-03 05:20:00,INT_17,Clear,Low,63
36,32,2024-01-03 05:25:00,INT_10,Rain,Low,51
81,53,2024-01-03 05:30:00,INT_6,Clear,High,67
17,47,2024-01-03 05:35:00,INT_16,Clear,Low,30
21,62,2024-01-03 05:40:00,INT_9,Rain,Low,45
56,33,2024-01-03 05:45:00,INT_18,Fog,Medium,79
19,45,2024-01-03 05:50:00,INT_9,Clear,Low,44
46,54,2024-01-03 05:55:00,INT_9,Rain,Medium,35
19,16,2024-01-03 06:00:00,INT_2,Fog,High,61
19,43,2024-01-03 06:05:00,INT_18,Clear,Low,87
116,48,2024-01-03 06:10:00,INT_12,Clear,High,21
76,12,2024-01-03 06:15:00,INT_20,Cloudy,High,62
70,31,2024-01-03 06:20:00,INT_11,Fog,Medium,85
23,35,2024-01-03 06:25:00,INT_16,Fog,Low,67
118,37,2024-01-03 06:30:00,INT_10,Clear,High,90
50,49,2024-01-03 06:35:00,INT_11,Cloudy,Medium,37
26,21,2024-01-03 06:40:00,INT_12,Cloudy,Low,67
63,54,2024-01-03 06:45:00,INT_18,Clear,Medium,43
21,42,2024-01-03 06:50:00,INT_13,Fog,Low,42
107,20,2024-01-03 06:55:00,INT_10,Clear,High,36
23,68,2024-01-03 07:00:00,INT_16,Clear,Low,46
72,46,2024-01-03 07:05:00,INT_4,Cloudy,Medium,43
13,21,2024-01-03 07:10:00,INT_20,Cloudy,Low,67
94,22,2024-01-03 07:15:00,INT_11,Cloudy,High,83
42,28,2024-01-03 07:20:00,INT_19,Rain,Medium,64
15,14,2024-01-03 07:25:00,INT_17,Fog,High,41
63,44,2024-01-03 07:30:00,INT_17,Clear,Medium,38
101,46,2024-01-03 07:35:00,INT_2,Fog,High,42
85,19,2024-01-03 07:40:00,INT_19,Cloudy,High,30
55,54,2024-01-03 07:45:00,INT_11,Clear,Medium,26
39,14,2024-01-03 07:50:00,INT_6,Clear,High,28
10,42,2024-01-03 07:55:00,INT_8,Rain,Low,67
40,21,2024-01-03 08:00:00,INT_12,Fog,Low,57
116,62,2024-01-03 08:05:00,INT_12,Rain,High,31
53,48,2024-01-03 08:10:00,INT_11,Cloudy,Medium,58
41,16,2024-01-03 08:15:00,INT_19,Cloudy,High,29
25,40,2024-01-03 08:20:00,INT_16,Clear,Low,29
42,19,2024-01-03 08:25:00,INT_2,Fog,High,65
105,39,2024-01-03 08:30:00,INT_10,Fog,High,74
54,42,2024-01-03 08:35:00,INT_10,Clear,Medium,72
117,18,2024-01-03 08:40:00,INT_20,Clear,High,22
72,40,2024-01-03 08:45:00,INT_20,Clear,Medium,66
72,23,2024-01-03 08:50:00,INT_17,Cloudy,Medium,61
59,52,2024-01-03 08:55:00,INT_15,Cloudy,Medium,20
118,36,2024-01-03 09:00:00,INT_12,Rain,High,74
119,20,2024-01-03 09:05:00,INT_19,Fog,High,35
70,62,2024-01-03 09:10:00,INT_15,Rain,Medium,22
61,49,2024-01-03 09:15:00,INT_2,Rain,Medium,32
82,51,2024-01-03 09:20:00,INT_13,Fog,High,39
109,68,2024-01-03 09:25:00,INT_16,Clear,High,78
17,42,2024-01-03 09:30:00,INT_14,Cloudy,Low,35
62,13,2024-01-03 09:35:00,INT_10,Fog,High,76
72,49,2024-01-03 09:40:00,INT_15,Cloudy,Medium,73
60,64,2024-01-03 09:45:00,INT_9,Rain,Medium,75
12,47,2024-01-03 09:50:00,INT_20,Fog,Low,84
73,69,2024-01-03 09:55:00,INT_6,Clear,Medium,60
62,39,2024-01-03 10:00:00,INT_11,Clear,Medium,54
77,35,2024-01-03 10:05:00,INT_12,Rain,Medium,71
65,26,2024-01-03 10:10:00,INT_16,Rain,Medium,42
13,55,2024-01-03 10:15:00,INT_20,Cloudy,Low,86
41,16,2024-01-03 10:20:00,INT_13,Fog,High,87
86,69,2024-01-03 10:25:00,INT_11,Clear,High,86
81,45,2024-01-03 10:30:00,INT_10,Rain,High,66
96,39,2024-01-03 10:35:00,INT_13,Fog,High,75
57,61,2024-01-03 10:40:00,INT_9,Rain,Medium,26
69,13,2024-01-03 10:45:00,INT_20,Cloudy,High,35
17,32,2024-01-03 10:50:00,INT_17,Clear,Low,52
7,58,2024-01-03 10:55:00,INT_9,Rain,Low,52
59,44,2024-01-03 11:00:00,INT_20,Fog,Medium,60
68,51,2024-01-03 11:05:00,INT_4,Cloudy,Medium,50
107,49,2024-01-03 11:10:00,INT_2,Cloudy,High,59
41,65,2024-01-03 11:15:00,INT_2,Clear,Medium,56
69,64,2024-01-03 11:20:00,INT_9,Rain,Medium,44
27,64,2024-01-03 11:25:00,INT_5,Cloudy,Low,65
74,14,2024-01-03 11:30:00,INT_11,Cloudy,High,52
77,68,2024-01-03 11:35:00,INT_7,Rain,Medium,87
40,13,2024-01-03 11:40:00,INT_15,Cloudy,High,85
57,23,2024-01-03 11:45:00,INT_16,Cloudy,Medium,53
6,51,2024-01-03 11:50:00,INT_16,Cloudy,Low,53
55,64,2024-01-03 11:55:00,INT_10,Clear,Medium,46
21,50,2024-01-03 12:00:00,INT_7,Cloudy,Low,33
109,49,2024-01-03 12:05:00,INT_18,Clear,High,75
12,20,2024-01-03 12:10:00,INT_5,Clear,Low,45
23,26,2024-01-03 12:15:00,INT_19,Clear,Low,28
56,30,2024-01-03 12:20:00,INT_18,Clear,Medium,62
99,36,2024-01-03 12:25:00,INT_19,Clear,High,41
62,24,2024-01-03 12:30:00,INT_1,Rain,Medium,26
66,24,2024-01-03 12:35:00,INT_18,Cloudy,Medium,39
119,62,2024-01-03 12:40:00,INT_19,Clear,High,75
51,18,2024-01-03 12:45:00,INT_11,Fog,High,61
47,44,2024-01-03 12:50:00,INT_10,Cloudy,Medium,72
70,46,2024-01-03 12:55:00,INT_9,Fog,Medium,23
8,68,2024-01-03 13:00:00,INT_1,Rain,Low,62
71,32,2024-01-03 13:05:00,INT_13,Clear,Medium,32
50,58,2024-01-03 13:10:00,INT_15,Cloudy,Medium,87
39,25,2024-01-03 13:15:00,INT_1,Clear,Low,21
16,11,2024-01-03 13:20:00,INT_20,Cloudy,High,46
119,45,2024-01-03 13:25:00,INT_18,Cloudy,High,58
17,44,2024-01-03 13:30:00,INT_11,Cloudy,Low,20
64,39,2024-01-03 13:35:00,INT_18,Fog,Medium,56
62,50,2024-01-03 13:40:00,INT_18,Rain,Medium,60
58,11,2024-01-03 13:45:00,INT_7,Cloudy,High,88
54,18,2024-01-03 13:50:00,INT_13,Cloudy,High,50
49,38,2024-01-03 13:55:00,INT_20,Rain,Medium,82
64,22,2024-01-03 14:00:00,INT_18,Clear,Medium,34
118,36,2024-01-03 14:05:00,INT_14,Cloudy,High,24
61,38,2024-01-03 14:10:00,INT_10,Cloudy,Medium,86
118,48,2024-01-03 14:15:00,INT_14,Cloudy,High,46
66,13,2024-01-03 14:20:00,INT_1,Clear,High,54
29,17,2024-01-03 14:25:00,INT_16,Clear,High,23
109,20,2024-01-03 14:30:00,INT_17,Clear,High,90
11,37,2024-01-03 14:35:00,INT_3,Fog,Low,58
116,70,2024-01-03 14:40:00,INT_1,Clear,High,64
38,47,2024-01-03 14:45:00,INT_18,Cloudy,Low,64
50,47,2024-01-03 14:50:00,INT_5,Rain,Medium,29
47,49,2024-01-03 14:55:00,INT_8,Rain,Medium,35
103,43,2024-01-03 15:00:00,INT_8,Fog,High,24
8,24,2024-01-03 15:05:00,INT_20,Cloudy,Low,51
16,69,2024-01-03 15:10:00,INT_14,Cloudy,Low,43
72,35,2024-01-03 15:15:00,INT_14,Cloudy,Medium,63
105,36,2024-01-03 15:20:00,INT_8,Fog,High,39
39,60,2024-01-03 15:25:00,INT_18,Rain,Low,39
58,32,2024-01-03 15:30:00,INT_12,Cloudy,Medium,25
99,46,2024-01-03 15:35:00,INT_15,Rain,High,50
79,20,2024-01-03 15:40:00,INT_11,Rain,Medium,89
64,48,2024-01-03 15:45:00,INT_3,Cloudy,Medium,32
29,50,2024-01-03 15:50:00,INT_20,Rain,Low,37
66,67,2024-01-03 15:55:00,INT_15,Cloudy,Medium,76
18,43,2024-01-03 16:00:00,INT_18,Rain,Low,32
12,19,2024-01-03 16:05:00,INT_5,Fog,High,25
32,20,2024-01-03 16:10:00,INT_14,Fog,Low,41
6,20,2024-01-03 16:15:00,INT_19,Fog,Low,71
79,48,2024-01-03 16:20:00,INT_19,Fog,Medium,88
119,67,2024-01-03 16:25:00,INT_20,Rain,High,34
112,14,2024-01-03 16:30:00,INT_11,Rain,High,51
37,39,2024-01-03 16:35:00,INT_4,Clear,Low,41
53,27,2024-01-03 16:40:00,INT_17,Rain,Medium,57
98,35,2024-01-03 16:45:00,INT_20,Clear,High,40
17,34,2024-01-03 16:50:00,INT_16,Cloudy,Low,37
60,70,2024-01-03 16:55:00,INT_7,Cloudy,Medium,63
73,19,2024-01-03 17:00:00,INT_13,Clear,High,34
54,13,2024-01-03 17:05:00,INT_3,Rain,High,67
52,23,2024-01-03 17:10:00,INT_7,Fog,Medium,42
12,23,2024-01-03 17:15:00,INT_6,Clear,Low,35
109,22,2024-01-03 17:20:00,INT_8,Rain,High,59
59,18,2024-01-03 17:25:00,INT_20,Clear,High,26
52,49,2024-01-03 17:30:00,INT_9,Cloudy,Medium,65
54,40,2024-01-03 17:35:00,INT_12,Fog,Medium,26
66,68,2024-01-03 17:40:00,INT_19,Rain,Medium,32
20,32,2024-01-03 17:45:00,INT_10,Cloudy,Low,61
38,35,2024-01-03 17:50:00,INT_12,Rain,Low,61
35,13,2024-01-03 17:55:00,INT_5,Clear,High,51
98,34,2024-01-03 18:00:00,INT_4,Cloudy,High,87
68,63,2024-01-03 18:05:00,INT_8,Fog,Medium,78
34,48,2024-01-03 18:10:00,INT_13,Cloudy,Low,50
65,39,2024-01-03 18:15:00,INT_2,Clear,Medium,83
43,32,2024-01-03 18:20:00,INT_2,Cloudy,Medium,33
116,47,2024-01-03 18:25:00,INT_6,Cloudy,High,25
61,15,2024-01-03 18:30:00,INT_17,Clear,High,34
104,69,2024-01-03 18:35:00,INT_10,Clear,High,71
67,51,2024-01-03 18:40:00,INT_7,Rain,Medium,24
82,51,2024-01-03 18:45:00,INT_6,Cloudy,High,43
59,50,2024-01-03 18:50:00,INT_3,Clear,Medium,30
75,58,2024-01-03 18:55:00,INT_17,Clear,Medium,57
9,63,2024-01-03 19:00:00,INT_14,Rain,Low,60
83,55,2024-01-03 19:05:00,INT_18,Clear,High,53
22,57,2024-01-03 19:10:00,INT_18,Cloudy,Low,47
92,11,2024-01-03 19:15:00,INT_3,Fog,High,50
67,33,2024-01-03 19:20:00,INT_5,Cloudy,Medium,29
21,17,2024-01-03 19:25:00,INT_14,Cloudy,High,33
36,60,2024-01-03 19:30:00,INT_7,Clear,Low,60
38,14,2024-01-03 19:35:00,INT_3,Clear,High,41
90,69,2024-01-03 19:40:00,INT_13,Rain,High,84
88,47,2024-01-03 19:45:00,INT_15,Rain,High,45
84,18,2024-01-03 19:50:00,INT_19,Rain,High,55
77,64,2024-01-03 19:55:00,INT_4,Clear,Medium,85
11,18,2024-01-03 20:00:00,INT_2,Cloudy,High,23
54,32,2024-01-03 20:05:00,INT_1,Clear,Medium,59
109,42,2024-01-03 20:10:00,INT_9,Fog,High,60
107,44,2024-01-03 20:15:00,INT_20,Clear,High,36
48,58,2024-01-03 20:20:00,INT_10,Fog,Medium,23
53,49,2024-01-03 20:25:00,INT_16,Rain,Medium,36
53,52,2024-01-03 20:30:00,INT_14,Clear,Medium,46
104,52,2024-01-03 20:35:00,INT_10,Clear,High,86
35,22,2024-01-03 20:40:00,INT_7,Clear,Low,57
23,36,2024-01-03 20:45:00,INT_6,Clear,Low,40
68,70,2024-01-03 20:50:00,INT_12,Fog,Medium,74
62,59,2024-01-03 20:55:00,INT_6,Clear,Medium,36
54,58,2024-01-03 21:00:00,INT_12,Fog,Medium,22
30,11,2024-01-03 21:05:00,INT_13,Cloudy,High,25
97,66,2024-01-03 21:10:00,INT_15,Clear,High,72
31,69,2024-01-03 21:15:00,INT_12,Cloudy,Low,50
86,35,2024-01-03 21:20:00,INT_5,Rain,High,21
33,22,2024-01-03 21:25:00,INT_9,Cloudy,Low,26
111,14,2024-01-03 21:30:00,INT_1,Fog,High,79
15,33,2024-01-03 21:35:00,INT_15,Rain,Low,30
89,61,2024-01-03 21:40:00,INT_20,Clear,High,84
7,45,2024-01-03 21:45:00,INT_2,Cloudy,Low,52
61,47,2024-01-03 21:50:00,INT_18,Clear,Medium,75
81,38,2024-01-03 21:55:00,INT_12,Rain,High,26
68,34,2024-01-03 22:00:00,INT_12,Clear,Medium,85
42,63,2024-01-03 22:05:00,INT_15,Clear,Medium,25
81,44,2024-01-03 22:10:00,INT_11,Rain,High,83
76,39,2024-01-03 22:15:00,INT_6,Clear,Medium,54
90,56,2024-01-03 22:20:00,INT_9,Fog,High,63
68,40,2024-01-03 22:25:00,INT_18,Fog,Medium,74
15,50,2024-01-03 22:30:00,INT_9,Clear,Low,64
21,37,2024-01-03 22:35:00,INT_18,Cloudy,Low,88
21,12,2024-01-03 22:40:00,INT_13,Cloudy,High,62
8,16,2024-01-03 22:45:00,INT_16,Clear,High,29
52,52,2024-01-03 22:50:00,INT_20,Clear,Medium,61
110,10,2024-01-03 22:55:00,INT_2,Fog,High,28
67,23,2024-01-03 23:00:00,INT_8,Fog,Medium,61
49,42,2024-01-03 23:05:00,INT_7,Fog,Medium,85
45,16,2024-01-03 23:10:00,INT_19,Clear,High,43
70,46,2024-01-03 23:15:00,INT_19,Cloudy,Medium,28
80,38,2024-01-03 23:20:00,INT_10,Clear,Medium,27
113,52,2024-01-03 23:25:00,INT_1,Rain,High,53
89,43,2024-01-03 23:30:00,INT_7,Clear,High,65
29,33,2024-01-03 23:35:00,INT_1,Cloudy,Low,60
47,64,2024-01-03 23:40:00,INT_14,Cloudy,Medium,74
111,16,2024-01-03 23:45:00,INT_14,Fog,High,47
50,37,2024-01-03 23:50:00,INT_1,Rain,Medium,69
89,36,2024-01-03 23:55:00,INT_17,Clear,High,74
101,20,2024-01-04 00:00:00,INT_2,Rain,High,37
56,62,2024-01-04 00:05:00,INT_12,Fog,Medium,54
36,58,2024-01-04 00:10:00,INT_18,Cloudy,Low,48
56,44,2024-01-04 00:15:00,INT_4,Rain,Medium,42
43,57,2024-01-04 00:20:00,INT_9,Rain,Medium,61
93,68,2024-01-04 00:25:00,INT_14,Cloudy,High,90
65,59,2024-01-04 00:30:00,INT_9,Rain,Medium,25
28,22,2024-01-04 00:35:00,INT_12,Rain,Low,78
30,66,2024-01-04 00:40:00,INT_11,Fog,Low,21
66,64,2024-01-04 00:45:00,INT_19,Rain,Medium,89
91,17,2024-01-04 00:50:00,INT_20,Fog,High,70
53,20,2024-01-04 00:55:00,INT_7,Clear,Medium,20
64,44,2024-01-04 01:00:00,INT_11,Rain,Medium,46
34,46,2024-01-04 01:05:00,INT_4,Cloudy,Low,40
51,51,2024-01-04 01:10:00,INT_1,Cloudy,Medium,64
42,27,2024-01-04 01:15:00,INT_7,Cloudy,Medium,23
65,59,2024-01-04 01:20:00,INT_20,Cloudy,Medium,88
19,16,2024-01-04 01:25:00,INT_10,Fog,High,83
42,53,2024-01-04 01:30:00,INT_19,Fog,Medium,39
22,43,2024-01-04 01:35:00,INT_10,Clear,Low,66
113,15,2024-01-04 01:40:00,INT_18,Fog,High,83
54,21,2024-01-04 01:45:00,INT_5,Clear,Medium,53
26,26,2024-01-04 01:50:00,INT_13,Fog,Low,73
78,67,2024-01-04 01:55:00,INT_1,Fog,Medium,37
17,15,2024-01-04 02:00:00,INT_5,Fog,High,52
26,24,2024-01-04 02:05:00,INT_1,Clear,Low,70
59,37,2024-01-04 02:10:00,INT_1,Rain,Medium,88
113,55,2024-01-04 02:15:00,INT_13,Fog,High,67
33,10,2024-01-04 02:20:00,INT_20,Rain,High,46
107,37,2024-01-04 02:25:00,INT_17,Rain,High,84
7,15,2024-01-04 02:30:00,INT_9,Rain,High,74
68,60,2024-01-04 02:35:00,INT_17,Cloudy,Medium,58
23,43,2024-01-04 02:40:00,INT_7,Clear,Low,59
23,38,2024-01-04 02:45:00,INT_13,Rain,Low,81
78,57,2024-01-04 02:50:00,INT_3,Rain,Medium,43
19,41,2024-01-04 02:55:00,INT_5,Clear,Low,78
111,36,2024-01-04 03:00:00,INT_13,Fog,High,90
65,13,2024-01-04 03:05:00,INT_3,Cloudy,High,86
97,63,2024-01-04 03:10:00,INT_6,Fog,High,37
8,62,2024-01-04 03:15:00,INT_4,Cloudy,Low,36
84,52,2024-01-04 03:20:00,INT_6,Cloudy,High,22
93,29,2024-01-04 03:25:00,INT_15,Cloudy,High,33
80,59,2024-01-04 03:30:00,INT_19,Cloudy,Medium,66
65,51,2024-01-04 03:35:00,INT_13,Clear,Medium,68
29,63,2024-01-04 03:40:00,INT_20,Clear,Low,82
71,49,2024-01-04 03:45:00,INT_13,Cloudy,Medium,55
18,56,2024-01-04 03:50:00,INT_9,Clear,Low,27
60,21,2024-01-04 03:55:00,INT_19,Fog,Medium,51
46,24,2024-01-04 04:00:00,INT_13,Rain,Medium,90
55,13,2024-01-04 04:05:00,INT_19,Clear,High,79
12,52,2024-01-04 04:10:00,INT_3,Rain,Low,34
34,18,2024-01-04 04:15:00,INT_18,Clear,High,85
116,62,2024-01-04 04:20:00,INT_20,Fog,High,45
62,50,2024-01-04 04:25:00,INT_9,Rain,Medium,21
91,67,2024-01-04 04:30:00,INT_2,Rain,High,73
112,36,2024-01-04 04:35:00,INT_8,Rain,High,29
28,31,2024-01-04 04:40:00,INT_20,Rain,Low,86
82,63,2024-01-04 04:45:00,INT_6,Fog,High,88
15,45,2024-01-04 04:50:00,INT_14,Cloudy,Low,41
67,61,2024-01-04 04:55:00,INT_15,Rain,Medium,33
30,38,2024-01-04 05:00:00,INT_14,Rain,Low,41
116,70,2024-01-04 05:05:00,INT_10,Fog,High,40
109,34,2024-01-04 05:10:00,INT_7,Clear,High,34
106,47,2024-01-04 05:15:00,INT_8,Rain,High,30
26,38,2024-01-04 05:20:00,INT_13,Cloudy,Low,83
99,41,2024-01-04 05:25:00,INT_8,Rain,High,44
10,43,2024-01-04 05:30:00,INT_16,Cloudy,Low,48
47,36,2024-01-04 05:35:00,INT_11,Fog,Medium,41
105,37,2024-01-04 05:40:00,INT_5,Cloudy,High,79
93,68,2024-01-04 05:45:00,INT_16,Fog,High,85
88,52,2024-01-04 05:50:00,INT_3,Clear,High,68
9,60,2024-01-04 05:55:00,INT_1,Rain,Low,46
60,30,2024-01-04 06:00:00,INT_18,Clear,Medium,50
59,14,2024-01-04 06:05:00,INT_15,Fog,High,59
29,41,2024-01-04 06:10:00,INT_13,Clear,Low,57
37,23,2024-01-04 06:15:00,INT_12,Rain,Low,37
31,19,2024-01-04 06:20:00,INT_13,Cloudy,High,20
29,64,2024-01-04 06:25:00,INT_16,Rain,Low,55
53,42,2024-01-04 06:30:00,INT_2,Cloudy,Medium,64
20,15,2024-01-04 06:35:00,INT_16,Cloudy,High,38
107,18,2024-01-04 06:40:00,INT_2,Fog,High,60
67,36,2024-01-04 06:45:00,INT_6,Cloudy,Medium,40
105,58,2024-01-04 06:50:00,INT_4,Cloudy,High,80
93,47,2024-01-04 06:55:00,INT_10,Fog,High,49
69,28,2024-01-04 07:00:00,INT_7,Rain,Medium,43
12,15,2024-01-04 07:05:00,INT_11,Cloudy,High,32
43,61,2024-01-04 07:10:00,INT_10,Clear,Medium,34
50,30,2024-01-04 07:15:00,INT_10,Cloudy,Medium,31
43,13,2024-01-04 07:20:00,INT_19,Fog,High,80
74,62,2024-01-04 07:25:00,INT_20,Clear,Medium,31
116,10,2024-01-04 07:30:00,INT_10,Cloudy,High,34
108,10,2024-01-04 07:35:00,INT_8,Fog,High,61
65,38,2024-01-04 07:40:00,INT_2,Fog,Medium,88
10,53,2024-01-04 07:45:00,INT_16,Clear,Low,44
25,47,2024-01-04 07:50:00,INT_8,Rain,Low,71
26,57,2024-01-04 07:55:00,INT_11,Fog,Low,76
37,13,2024-01-04 08:00:00,INT_7,Cloudy,High,45
37,38,2024-01-04 08:05:00,INT_14,Fog,Low,57
38,64,2024-01-04 08:10:00,INT_9,Rain,Low,39
23,65,2024-01-04 08:15:00,INT_11,Cloudy,Low,21
91,21,2024-01-04 08:20:00,INT_19,Clear,High,36
109,63,2024-01-04 08:25:00,INT_4,Fog,High,59
73,51,2024-01-04 08:30:00,INT_11,Rain,Medium,43
102,69,2024-01-04 08:35:00,INT_9,Fog,High,23
77,54,2024-01-04 08:40:00,INT_20,Rain,Medium,39
92,39,2024-01-04 08:45:00,INT_4,Fog,High,44
14,41,2024-01-04 08:50:00,INT_5,Rain,Low,28
75,62,2024-01-04 08:55:00,INT_17,Clear,Medium,86
17,46,2024-01-04 09:00:00,INT_16,Rain,Low,30
51,67,2024-01-04 09:05:00,INT_8,Clear,Medium,40
63,62,2024-01-04 09:10:00,INT_3,Cloudy,Medium,69
98,15,2024-01-04 09:15:00,INT_14,Clear,High,89
14,69,2024-01-04 09:20:00,INT_18,Fog,Low,32
88,28,2024-01-04 09:25:00,INT_3,Rain,High,80
41,34,2024-01-04 09:30:00,INT_14,Fog,Medium,53
66,67,2024-01-04 09:35:00,INT_4,Clear,Medium,54
39,38,2024-01-04 09:40:00,INT_5,Cloudy,Low,40
57,19,2024-01-04 09:45:00,INT_5,Rain,High,67
22,39,2024-01-04 09:50:00,INT_7,Clear,Low,88
119,11,2024-01-04 09:55:00,INT_7,Clear,High,69
91,39,2024-01-04 10:00:00,INT_1,Fog,High,63
70,19,2024-01-04 10:05:00,INT_7,Clear,High,33
16,34,2024-01-04 10:10:00,INT_7,Fog,Low,28
72,50,2024-01-04 10:15:00,INT_3,Cloudy,Medium,25
52,54,2024-01-04 10:20:00,INT_6,Clear,Medium,67
64,48,2024-01-04 10:25:00,INT_18,Fog,Medium,64
109,33,2024-01-04 10:30:00,INT_17,Rain,High,26
107,38,2024-01-04 10:35:00,INT_4,Fog,High,81
55,51,2024-01-04 10:40:00,INT_6,Cloudy,Medium,52
120,36,2024-01-04 10:45:00,INT_2,Rain,High,39
42,29,2024-01-04 10:50:00,INT_20,Rain,Medium,90
82,66,2024-01-04 10:55:00,INT_7,Clear,High,57
67,48,2024-01-04 11:00:00,INT_20,Fog,Medium,73
43,66,2024-01-04 11:05:00,INT_4,Fog,Medium,85
33,46,2024-01-04 11:10:00,INT_16,Fog,Low,78
107,20,2024-01-04 11:15:00,INT_6,Rain,High,60
