vehicle_count,avg_speed_kmh,intersection_id,weather,congestion_level,signal_time_seconds,hour,day_of_week,is_weekend
92,19,16,1,0,28,0,0,0
116,37,2,2,0,56,0,0,0
44,35,16,2,2,83,0,0,0
72,44,18,1,2,87,0,0,0
51,45,4,2,2,62,0,0,0
59,33,18,2,2,23,0,0,0
17,65,15,1,1,73,0,0,0
48,39,14,3,2,25,0,0,0
36,23,19,2,1,63,0,0,0
107,53,8,0,0,74,0,0,0
79,31,8,0,2,74,0,0,0
40,59,9,2,1,48,0,0,0
30,34,12,1,1,34,1,0,0
118,63,18,3,0,85,1,0,0
83,39,11,2,0,89,1,0,0
27,55,8,3,1,90,1,0,0
40,14,8,1,0,65,1,0,0
82,20,6,2,0,44,1,0,0
57,67,7,0,2,41,1,0,0
101,37,16,3,0,86,1,0,0
120,23,13,3,0,59,1,0,0
60,19,1,1,0,75,1,0,0
108,64,2,3,0,53,1,0,0
18,65,11,1,1,35,1,0,0
44,51,12,2,2,32,2,0,0
35,68,15,3,1,80,2,0,0
120,65,17,0,0,43,2,0,0
120,44,18,0,0,47,2,0,0
43,32,10,1,2,69,2,0,0
69,15,15,1,0,65,2,0,0
10,21,2,3,1,21,2,0,0
70,63,16,3,2,77,2,0,0
113,44,15,2,0,34,2,0,0
69,69,12,0,2,51,2,0,0
11,20,0,0,1,63,2,0,0
44,23,17,0,2,56,2,0,0
59,33,14,0,2,32,3,0,0
26,25,11,0,1,36,3,0,0
87,35,18,1,0,70,3,0,0
43,52,11,0,2,21,3,0,0
113,18,0,1,0,36,3,0,0
78,32,14,2,2,45,3,0,0
37,48,17,0,1,70,3,0,0
99,65,7,0,0,69,3,0,0
114,31,8,3,0,47,3,0,0
13,39,14,1,1,63,3,0,0
9,42,7,2,1,69,3,0,0
7,24,3,2,1,89,3,0,0
58,46,5,1,2,26,4,0,0
86,30,2,1,0,67,4,0,0
88,33,6,1,0,32,4,0,0
95,56,4,2,0,66,4,0,0
16,17,10,1,0,53,4,0,0
102,13,17,0,0,35,4,0,0
78,11,17,0,0,60,4,0,0
72,21,9,2,2,87,4,0,0
23,22,15,0,1,23,4,0,0
113,67,15,1,0,33,4,0,0
101,51,2,2,0,74,4,0,0
104,57,1,3,0,42,4,0,0
11,64,12,1,1,31,5,0,0
92,26,10,1,0,61,5,0,0
118,38,17,3,0,53,5,0,0
100,60,12,2,0,59,5,0,0
16,18,11,3,0,84,5,0,0
43,11,9,2,0,47,5,0,0
115,19,15,3,0,36,5,0,0
95,70,0,1,0,32,5,0,0
96,66,16,2,0,43,5,0,0
42,35,4,0,2,20,5,0,0
110,55,19,1,0,63,5,0,0
103,22,2,0,0,68,5,0,0
5,50,7,0,1,37,6,0,0
105,34,1,2,0,72,6,0,0
83,24,8,3,0,75,6,0,0
84,36,14,1,0,36,6,0,0
46,70,18,2,2,73,6,0,0
95,28,10,0,0,22,6,0,0
68,33,11,1,2,88,6,0,0
107,10,3,0,0,46,6,0,0
58,24,2,2,2,83,6,0,0
75,58,10,0,2,67,6,0,0
110,55,6,3,0,52,6,0,0
54,60,13,3,2,20,6,0,0
87,40,15,2,0,72,7,0,0
96,18,4,1,0,20,7,0,0
83,66,1,1,0,76,7,0,0
71,12,19,1,0,39,7,0,0
117,46,9,0,0,50,7,0,0
92,36,14,2,0,42,7,0,0
53,52,2,0,2,77,7,0,0
33,33,11,1,1,57,7,0,0
116,14,19,3,0,37,7,0,0
10,57,1,0,1,29,7,0,0
49,29,9,2,2,72,7,0,0
65,68,5,3,2,66,7,0,0
97,28,9,1,0,46,8,0,0
24,11,14,1,0,49,8,0,0
80,62,3,1,2,47,8,0,0
10,44,16,2,1,72,8,0,0
86,26,15,1,0,39,8,0,0
67,31,6,0,2,47,8,0,0
11,45,15,2,1,61,8,0,0
51,67,7,1,2,45,8,0,0
8,50,0,0,1,67,8,0,0
111,44,0,2,0,35,8,0,0
79,47,16,3,2,88,8,0,0
112,66,15,2,0,80,8,0,0
72,53,16,0,2,44,9,0,0
8,30,2,2,1,65,9,0,0
62,33,6,3,2,75,9,0,0
68,53,4,0,2,22,9,0,0
60,23,10,2,2,40,9,0,0
38,23,1,3,1,26,9,0,0
104,13,9,2,0,38,9,0,0
30,41,9,3,1,87,9,0,0
25,23,1,3,1,73,9,0,0
110,33,1,0,0,80,9,0,0
93,27,3,2,0,75,9,0,0
39,15,0,2,0,78,9,0,0
51,36,5,2,2,74,10,0,0
111,45,1,0,0,61,10,0,0
78,60,9,3,2,59,10,0,0
35,37,16,1,1,42,10,0,0
37,50,6,1,1,80,10,0,0
79,10,2,0,0,42,10,0,0
90,26,11,2,0,20,10,0,0
10,38,5,3,1,73,10,0,0
119,58,18,2,0,85,10,0,0
72,50,12,0,2,47,10,0,0
71,56,0,2,2,86,10,0,0
60,15,1,3,0,73,10,0,0
23,46,3,0,1,48,11,0,0
54,63,1,3,2,75,11,0,0
79,59,8,0,2,36,11,0,0
13,66,3,2,1,25,11,0,0
110,25,11,0,0,70,11,0,0
102,47,1,0,0,83,11,0,0
39,60,12,3,1,22,11,0,0
40,20,16,3,1,72,11,0,0
57,50,12,2,2,31,11,0,0
33,17,8,3,0,29,11,0,0
48,26,9,3,2,50,11,0,0
87,27,0,1,0,67,11,0,0
81,70,6,0,0,27,12,0,0
104,11,13,0,0,89,12,0,0
110,13,15,2,0,29,12,0,0
17,51,5,1,1,40,12,0,0
54,29,7,3,2,88,12,0,0
102,26,16,3,0,45,12,0,0
78,31,19,0,2,75,12,0,0
13,27,4,1,1,90,12,0,0
44,12,19,3,0,72,12,0,0
59,21,14,1,2,48,12,0,0
96,19,5,1,0,40,12,0,0
13,61,5,3,1,87,12,0,0
23,37,15,1,1,34,13,0,0
26,38,13,1,1,30,13,0,0
50,24,7,2,2,55,13,0,0
91,29,4,0,0,81,13,0,0
114,29,19,1,0,29,13,0,0
75,21,11,1,2,66,13,0,0
22,32,14,2,1,77,13,0,0
97,48,12,1,0,72,13,0,0
16,65,2,3,1,30,13,0,0
89,61,15,3,0,21,13,0,0
47,51,11,3,2,76,13,0,0
119,62,9,0,0,53,13,0,0
31,39,7,1,1,59,14,0,0
115,31,13,0,0,73,14,0,0
25,66,19,0,1,40,14,0,0
68,56,6,0,2,41,14,0,0
23,10,14,2,0,69,14,0,0
115,60,2,3,0,49,14,0,0
51,32,6,2,2,56,14,0,0
31,69,9,1,1,66,14,0,0
77,31,3,3,2,29,14,0,0
116,41,13,0,0,52,14,0,0
14,45,14,1,1,62,14,0,0
114,15,3,3,0,76,14,0,0
60,30,14,3,2,83,15,0,0
47,25,10,0,2,88,15,0,0
36,39,13,0,1,37,15,0,0
12,15,13,2,0,60,15,0,0
75,49,12,2,2,30,15,0,0
52,16,2,0,0,23,15,0,0
22,38,7,1,1,35,15,0,0
109,22,7,0,0,68,15,0,0
120,31,10,2,0,88,15,0,0
6,11,3,1,0,24,15,0,0
39,59,10,0,1,38,15,0,0
73,17,17,1,0,39,15,0,0
97,61,1,3,0,63,16,0,0
110,44,7,0,0,38,16,0,0
95,45,10,0,0,55,16,0,0
28,45,17,2,1,41,16,0,0
78,51,0,2,2,45,16,0,0
45,70,1,0,2,58,16,0,0
42,45,11,0,2,43,16,0,0
32,27,5,1,1,77,16,0,0
102,56,8,0,0,66,16,0,0
39,11,16,3,0,48,16,0,0
96,36,2,2,0,24,16,0,0
14,41,5,2,1,70,16,0,0
35,52,7,3,1,61,17,0,0
30,66,7,2,1,31,17,0,0
120,54,11,3,0,20,17,0,0
61,21,1,2,2,58,17,0,0
74,20,3,0,2,50,17,0,0
17,70,10,1,1,87,17,0,0
54,24,7,3,2,51,17,0,0
109,42,9,1,0,68,17,0,0
10,47,9,0,1,22,17,0,0
68,22,15,2,2,26,17,0,0
19,13,1,1,0,28,17,0,0
71,11,17,3,0,35,17,0,0
87,70,12,3,0,20,18,0,0
81,26,7,2,0,45,18,0,0
13,38,4,1,1,23,18,0,0
80,35,13,0,2,36,18,0,0
81,31,11,0,0,64,18,0,0
32,12,14,1,0,54,18,0,0
37,61,0,3,1,77,18,0,0
26,55,18,2,1,60,18,0,0
81,36,8,2,0,45,18,0,0
5,67,3,2,1,27,18,0,0
50,65,4,2,2,47,18,0,0
16,59,16,1,1,84,18,0,0
90,68,11,1,0,29,19,0,0
102,69,13,1,0,20,19,0,0
113,65,3,0,0,22,19,0,0
58,68,6,0,2,72,19,0,0
87,27,12,2,0,83,19,0,0
92,66,10,2,0,55,19,0,0
23,51,18,0,1,35,19,0,0
38,11,3,1,0,24,19,0,0
119,16,10,3,0,26,19,0,0
25,47,16,3,1,31,19,0,0
80,54,10,0,2,70,19,0,0
92,46,13,3,0,29,19,0,0
91,15,3,1,0,39,20,0,0
76,43,12,2,2,63,20,0,0
13,30,15,3,1,39,20,0,0
53,21,17,1,2,45,20,0,0
32,24,12,1,1,69,20,0,0
104,35,2,0,0,70,20,0,0
32,63,13,2,1,81,20,0,0
61,60,6,2,2,57,20,0,0
29,21,18,0,1,38,20,0,0
46,42,17,0,2,43,20,0,0
69,63,7,3,2,22,20,0,0
114,11,9,0,0,40,20,0,0
45,37,15,1,2,22,21,0,0
105,32,6,3,0,32,21,0,0
74,10,7,3,0,36,21,0,0
42,21,8,2,2,56,21,0,0
6,37,16,1,1,90,21,0,0
119,27,8,0,0,20,21,0,0
41,50,16,3,2,54,21,0,0
35,46,13,0,1,46,21,0,0
5,10,7,0,0,82,21,0,0
97,54,0,3,0,75,21,0,0
112,62,18,2,0,76,21,0,0
7,53,14,2,1,37,21,0,0
13,25,15,0,1,38,22,0,0
16,19,18,2,0,90,22,0,0
105,16,0,3,0,39,22,0,0
81,24,5,0,0,23,22,0,0
80,29,10,2,2,61,22,0,0
115,24,0,1,0,36,22,0,0
64,59,16,3,2,72,22,0,0
12,66,10,2,1,63,22,0,0
47,13,11,0,0,82,22,0,0
11,24,18,1,1,27,22,0,0
82,63,16,0,0,74,22,0,0
56,44,8,1,2,40,22,0,0
21,11,1,2,0,70,23,0,0
111,60,4,1,0,46,23,0,0
52,30,3,3,2,68,23,0,0
98,69,12,1,0,55,23,0,0
53,58,4,0,2,42,23,0,0
105,31,11,0,0,20,23,0,0
48,54,3,1,2,61,23,0,0
63,32,11,2,2,79,23,0,0
68,17,12,0,0,71,23,0,0
60,68,3,2,2,22,23,0,0
120,60,1,1,0,78,23,0,0
72,20,11,1,2,53,23,0,0
76,29,15,2,2,20,0,1,0
110,25,17,3,0,54,0,1,0
15,34,18,3,1,34,0,1,0
94,26,19,3,0,58,0,1,0
100,63,1,0,0,81,0,1,0
71,70,5,1,2,43,0,1,0
46,15,8,2,0,29,0,1,0
100,66,16,0,0,57,0,1,0
46,19,6,2,0,89,0,1,0
9,55,14,2,1,49,0,1,0
28,45,5,0,1,29,0,1,0
77,48,18,1,2,70,0,1,0
13,12,8,0,0,74,1,1,0
13,65,14,3,1,34,1,1,0
44,61,18,0,2,80,1,1,0
120,48,13,3,0,42,1,1,0
100,67,9,2,0,88,1,1,0
104,35,17,2,0,76,1,1,0
24,26,7,3,1,75,1,1,0
21,65,14,0,1,29,1,1,0
77,51,14,3,2,60,1,1,0
118,34,14,1,0,58,1,1,0
103,18,16,3,0,85,1,1,0
57,26,2,3,2,81,1,1,0
35,61,4,2,1,85,2,1,0
93,62,19,3,0,52,2,1,0
96,53,6,0,0,67,2,1,0
50,59,10,3,2,84,2,1,0
9,26,1,3,1,34,2,1,0
99,53,1,0,0,90,2,1,0
56,32,16,1,2,50,2,1,0
13,28,0,0,1,41,2,1,0
87,19,10,1,0,69,2,1,0
81,12,6,0,0,47,2,1,0
87,65,18,3,0,51,2,1,0
54,54,9,1,2,67,2,1,0
51,13,1,2,0,65,3,1,0
108,38,7,1,0,56,3,1,0
94,65,13,0,0,26,3,1,0
39,22,16,1,1,20,3,1,0
29,20,12,0,1,71,3,1,0
115,14,11,1,0,67,3,1,0
116,35,18,3,0,85,3,1,0
15,59,3,3,1,23,3,1,0
30,47,7,0,1,24,3,1,0
25,27,3,3,1,85,3,1,0
103,52,0,3,0,27,3,1,0
70,30,17,2,2,22,3,1,0
13,68,8,3,1,40,4,1,0
5,52,3,1,1,49,4,1,0
85,47,6,2,0,33,4,1,0
90,26,11,3,0,90,4,1,0
86,67,18,3,0,74,4,1,0
80,35,2,0,2,52,4,1,0
108,18,0,3,0,83,4,1,0
119,24,18,3,0,23,4,1,0
99,37,0,3,0,64,4,1,0
61,11,10,2,0,41,4,1,0
99,51,13,1,0,31,4,1,0
31,58,3,1,1,43,4,1,0
50,47,19,0,2,74,5,1,0
99,60,12,1,0,88,5,1,0
103,56,11,1,0,21,5,1,0
114,57,17,1,0,23,5,1,0
67,55,5,1,2,32,5,1,0
63,52,5,0,2,26,5,1,0
92,45,4,2,0,84,5,1,0
54,27,18,0,2,26,5,1,0
43,64,8,1,2,34,5,1,0
23,14,16,3,0,28,5,1,0
45,44,12,3,2,39,5,1,0
97,32,4,3,0,54,5,1,0
109,65,10,1,0,33,6,1,0
24,47,7,2,1,60,6,1,0
67,18,16,1,0,78,6,1,0
120,17,8,2,0,32,6,1,0
52,52,14,3,2,72,6,1,0
32,53,0,0,1,61,6,1,0
69,40,18,2,2,70,6,1,0
12,68,19,2,1,32,6,1,0
13,22,18,2,1,57,6,1,0
104,39,3,1,0,79,6,1,0
24,34,6,3,1,52,6,1,0
50,62,19,3,2,30,6,1,0
107,20,7,3,0,70,7,1,0
68,28,10,3,2,73,7,1,0
65,50,4,3,2,33,7,1,0
120,51,15,2,0,51,7,1,0
96,36,11,0,0,89,7,1,0
73,21,11,3,2,63,7,1,0
98,29,2,1,0,71,7,1,0
17,17,4,3,0,55,7,1,0
62,29,12,3,2,41,7,1,0
52,67,10,1,2,47,7,1,0
68,25,0,3,2,27,7,1,0
89,69,1,2,0,38,7,1,0
120,40,9,3,0,53,8,1,0
119,10,13,3,0,50,8,1,0
89,47,7,1,0,90,8,1,0
80,54,9,2,2,74,8,1,0
22,14,11,0,0,23,8,1,0
10,27,3,2,1,58,8,1,0
19,66,6,3,1,65,8,1,0
118,39,13,3,0,51,8,1,0
104,44,7,0,0,26,8,1,0
30,67,12,0,1,33,8,1,0
69,62,9,3,2,63,8,1,0
20,28,13,3,1,46,8,1,0
40,65,4,1,1,70,9,1,0
26,12,2,3,0,37,9,1,0
38,15,7,0,0,21,9,1,0
107,37,12,2,0,26,9,1,0
60,54,16,1,2,34,9,1,0
114,23,5,3,0,56,9,1,0
73,60,6,3,2,89,9,1,0
102,50,2,3,0,27,9,1,0
35,55,17,2,1,88,9,1,0
120,36,0,2,0,60,9,1,0
70,12,5,1,0,31,9,1,0
31,57,11,0,1,44,9,1,0
14,36,7,0,1,30,10,1,0
87,51,12,0,0,28,10,1,0
50,37,5,2,2,77,10,1,0
44,38,0,1,2,56,10,1,0
107,45,11,1,0,25,10,1,0
57,44,3,0,2,87,10,1,0
87,61,5,2,0,83,10,1,0
48,36,15,2,2,59,10,1,0
70,38,9,3,2,83,10,1,0
88,23,10,3,0,90,10,1,0
14,19,5,1,0,21,10,1,0
15,60,0,3,1,50,10,1,0
90,70,6,0,0,75,11,1,0
56,35,5,2,2,89,11,1,0
45,34,10,2,2,87,11,1,0
64,67,1,1,2,87,11,1,0
25,14,0,3,0,69,11,1,0
57,52,8,2,2,69,11,1,0
36,58,11,0,1,35,11,1,0
88,65,7,3,0,74,11,1,0
31,60,15,2,1,89,11,1,0
118,47,10,0,0,23,11,1,0
92,57,16,2,0,24,11,1,0
58,70,14,1,2,90,11,1,0
58,66,14,1,2,57,12,1,0
66,68,10,0,2,57,12,1,0
13,16,6,2,0,66,12,1,0
65,15,10,2,0,53,12,1,0
118,13,2,2,0,49,12,1,0
76,18,17,2,0,65,12,1,0
56,63,19,0,2,48,12,1,0
59,61,13,0,2,75,12,1,0
115,28,17,2,0,84,12,1,0
111,67,6,1,0,52,12,1,0
69,59,12,2,2,75,12,1,0
33,25,8,2,1,38,12,1,0
7,10,16,0,0,41,13,1,0
15,34,7,3,1,47,13,1,0
91,20,19,3,0,60,13,1,0
75,12,12,0,0,20,13,1,0
13,66,1,0,1,73,13,1,0
12,64,6,2,1,68,13,1,0
63,18,18,3,0,61,13,1,0
96,66,11,2,0,35,13,1,0
72,69,13,3,2,57,13,1,0
76,30,17,2,2,71,13,1,0
8,40,1,1,1,72,13,1,0
64,13,14,3,0,77,13,1,0
5,50,19,3,1,83,14,1,0
26,32,13,3,1,61,14,1,0
8,28,15,2,1,68,14,1,0
34,68,0,1,1,49,14,1,0
19,42,10,3,1,30,14,1,0
78,41,14,1,2,37,14,1,0
24,23,9,0,1,88,14,1,0
12,54,19,2,1,88,14,1,0
55,22,4,3,2,21,14,1,0
36,35,16,2,1,39,14,1,0
41,15,0,2,0,60,14,1,0
93,22,11,2,0,37,14,1,0
97,42,12,1,0,52,15,1,0
102,45,12,1,0,44,15,1,0
68,50,13,0,2,24,15,1,0
38,30,19,3,1,70,15,1,0
118,34,5,1,0,42,15,1,0
77,55,3,0,2,27,15,1,0
73,60,17,3,2,78,15,1,0
108,35,13,1,0,38,15,1,0
77,36,11,0,2,79,15,1,0
91,60,0,2,0,51,15,1,0
6,42,5,3,1,43,15,1,0
18,47,12,2,1,59,15,1,0
19,16,13,1,0,24,16,1,0
36,50,11,3,1,62,16,1,0
119,55,11,3,0,84,16,1,0
80,63,5,0,2,47,16,1,0
26,66,18,1,1,25,16,1,0
107,31,2,1,0,90,16,1,0
41,59,7,3,2,34,16,1,0
82,30,9,0,0,79,16,1,0
108,33,5,3,0,49,16,1,0
9,25,11,3,1,79,16,1,0
100,53,16,3,0,53,16,1,0
40,52,8,1,1,75,16,1,0
112,38,1,2,0,81,17,1,0
37,62,10,2,1,71,17,1,0
65,33,9,2,2,80,17,1,0
7,42,13,3,1,50,17,1,0
110,42,16,2,0,45,17,1,0
72,17,16,0,0,39,17,1,0
104,47,11,2,0,73,17,1,0
28,55,4,2,1,32,17,1,0
61,19,3,0,0,63,17,1,0
48,18,9,2,0,87,17,1,0
64,26,9,2,2,82,17,1,0
101,46,8,2,0,72,17,1,0
30,62,13,3,1,24,18,1,0
46,44,18,1,2,69,18,1,0
107,20,18,2,0,69,18,1,0
84,14,4,3,0,33,18,1,0
38,69,6,2,1,28,18,1,0
110,42,16,1,0,38,18,1,0
36,10,12,0,0,52,18,1,0
108,61,0,3,0,64,18,1,0
77,48,12,3,2,42,18,1,0
59,53,3,1,2,68,18,1,0
73,39,7,1,2,41,18,1,0
88,52,4,2,0,20,18,1,0
119,69,0,1,0,64,19,1,0
12,67,15,0,1,38,19,1,0
34,15,7,3,0,59,19,1,0
116,30,5,0,0,88,19,1,0
75,38,13,3,2,87,19,1,0
78,68,2,1,2,54,19,1,0
118,61,5,2,0,45,19,1,0
78,37,8,2,2,65,19,1,0
18,36,3,0,1,86,19,1,0
97,53,8,2,0,61,19,1,0
107,53,8,2,0,34,19,1,0
105,60,19,0,0,40,19,1,0
66,47,8,2,2,44,20,1,0
26,28,6,2,1,82,20,1,0
33,14,19,1,0,65,20,1,0
82,65,8,3,0,59,20,1,0
11,60,17,1,1,59,20,1,0
120,54,18,2,0,71,20,1,0
83,38,10,3,0,24,20,1,0
101,20,3,0,0,63,20,1,0
94,34,6,1,0,75,20,1,0
54,68,3,2,2,56,20,1,0
42,12,18,2,0,90,20,1,0
49,26,14,2,2,42,20,1,0
37,37,13,2,1,82,21,1,0
69,36,3,1,2,41,21,1,0
119,61,19,2,0,58,21,1,0
112,30,13,2,0,81,21,1,0
25,52,16,2,1,54,21,1,0
78,58,2,1,2,62,21,1,0
64,59,4,3,2,89,21,1,0
53,59,1,1,2,74,21,1,0
88,16,14,1,0,37,21,1,0
120,68,1,0,0,26,21,1,0
111,50,5,0,0,68,21,1,0
99,41,16,0,0,52,21,1,0
80,41,14,0,2,20,22,1,0
83,35,16,3,0,78,22,1,0
36,56,13,3,1,81,22,1,0
108,38,0,1,0,84,22,1,0
26,59,2,1,1,24,22,1,0
89,47,15,2,0,75,22,1,0
11,62,17,3,1,56,22,1,0
117,51,13,1,0,24,22,1,0
71,52,2,2,2,20,22,1,0
68,42,15,2,2,76,22,1,0
105,50,14,3,0,61,22,1,0
45,59,0,2,2,86,22,1,0
88,37,9,3,0,67,23,1,0
27,27,0,3,1,41,23,1,0
11,18,19,3,0,60,23,1,0
114,23,8,0,0,40,23,1,0
77,11,14,1,0,42,23,1,0
39,37,17,2,1,65,23,1,0
54,59,11,1,2,88,23,1,0
83,66,4,0,0,30,23,1,0
93,27,4,0,0,90,23,1,0
101,23,12,1,0,40,23,1,0
120,68,7,1,0,54,23,1,0
106,63,11,1,0,79,23,1,0
104,64,19,0,0,82,0,2,0
91,46,1,1,0,58,0,2,0
61,12,11,0,0,46,0,2,0
52,35,14,2,2,78,0,2,0
34,13,7,3,0,60,0,2,0
102,70,14,2,0,70,0,2,0
50,54,9,0,2,64,0,2,0
114,47,7,2,0,64,0,2,0
115,49,8,2,0,62,0,2,0
73,30,0,0,2,87,0,2,0
93,64,0,0,0,63,0,2,0
88,30,6,1,0,43,0,2,0
52,22,17,3,2,43,1,2,0
70,62,0,2,2,87,1,2,0
27,15,7,0,0,83,1,2,0
95,10,13,1,0,80,1,2,0
47,51,12,3,2,45,1,2,0
112,15,8,1,0,82,1,2,0
74,38,13,2,2,50,1,2,0
106,44,1,0,0,38,1,2,0
58,27,16,3,2,53,1,2,0
37,52,16,3,1,55,1,2,0
113,70,10,0,0,85,1,2,0
108,54,8,3,0,44,1,2,0
64,26,13,2,2,88,2,2,0
116,24,4,1,0,88,2,2,0
21,14,13,2,0,75,2,2,0
102,43,13,3,0,70,2,2,0
53,39,6,3,2,63,2,2,0
77,42,5,0,2,31,2,2,0
13,38,0,0,1,40,2,2,0
25,66,19,2,1,70,2,2,0
30,24,14,2,1,78,2,2,0
120,13,5,1,0,29,2,2,0
13,69,9,1,1,83,2,2,0
61,65,6,0,2,49,2,2,0
83,34,1,1,0,76,3,2,0
9,24,12,3,1,68,3,2,0
6,39,17,3,1,83,3,2,0
19,54,2,0,1,26,3,2,0
63,61,16,0,2,63,3,2,0
28,20,7,2,1,31,3,2,0
70,45,1,3,2,83,3,2,0
66,57,1,3,2,42,3,2,0
76,52,16,0,2,73,3,2,0
85,51,10,3,0,71,3,2,0
59,60,15,1,2,79,3,2,0
19,31,9,2,1,74,3,2,0
46,27,16,3,2,53,4,2,0
7,66,6,2,1,64,4,2,0
105,11,14,2,0,81,4,2,0
105,15,18,3,0,78,4,2,0
72,67,5,3,2,21,4,2,0
78,32,15,0,2,77,4,2,0
37,59,10,1,1,79,4,2,0
102,25,15,3,0,41,4,2,0
119,17,12,2,0,47,4,2,0
53,29,13,1,2,61,4,2,0
108,65,3,1,0,61,4,2,0
64,19,12,1,0,57,4,2,0
56,65,14,1,2,42,5,2,0
48,45,12,1,2,29,5,2,0
18,29,0,2,1,88,5,2,0
112,52,6,2,0,57,5,2,0
34,34,8,0,1,63,5,2,0
36,32,1,3,1,51,5,2,0
81,53,16,0,0,67,5,2,0
17,47,7,0,1,30,5,2,0
21,62,19,3,1,45,5,2,0
56,33,9,2,2,79,5,2,0
19,45,19,0,1,44,5,2,0
46,54,19,3,2,35,5,2,0
19,16,11,2,0,61,6,2,0
19,43,9,0,1,87,6,2,0
116,48,3,0,0,21,6,2,0
76,12,12,1,0,62,6,2,0
70,31,2,2,2,85,6,2,0
23,35,7,2,1,67,6,2,0
118,37,1,0,0,90,6,2,0
50,49,2,1,2,37,6,2,0
26,21,3,1,1,67,6,2,0
63,54,9,0,2,43,6,2,0
21,42,4,2,1,42,6,2,0
107,20,1,0,0,36,6,2,0
23,68,7,0,1,46,7,2,0
72,46,14,1,2,43,7,2,0
13,21,12,1,1,67,7,2,0
94,22,2,1,0,83,7,2,0
42,28,10,3,2,64,7,2,0
15,14,8,2,0,41,7,2,0
63,44,8,0,2,38,7,2,0
101,46,11,2,0,42,7,2,0
85,19,10,1,0,30,7,2,0
55,54,2,0,2,26,7,2,0
39,14,16,0,0,28,7,2,0
10,42,18,3,1,67,7,2,0
40,21,3,2,1,57,8,2,0
116,62,3,3,0,31,8,2,0
53,48,2,1,2,58,8,2,0
41,16,10,1,0,29,8,2,0
25,40,7,0,1,29,8,2,0
42,19,11,2,0,65,8,2,0
105,39,1,2,0,74,8,2,0
54,42,1,0,2,72,8,2,0
117,18,12,0,0,22,8,2,0
72,40,12,0,2,66,8,2,0
72,23,8,1,2,61,8,2,0
59,52,6,1,2,20,8,2,0
118,36,3,3,0,74,9,2,0
119,20,10,2,0,35,9,2,0
70,62,6,3,2,22,9,2,0
61,49,11,3,2,32,9,2,0
82,51,4,2,0,39,9,2,0
109,68,7,0,0,78,9,2,0
17,42,5,1,1,35,9,2,0
62,13,1,2,0,76,9,2,0
72,49,6,1,2,73,9,2,0
60,64,19,3,2,75,9,2,0
12,47,12,2,1,84,9,2,0
73,69,16,0,2,60,9,2,0
62,39,2,0,2,54,10,2,0
77,35,3,3,2,71,10,2,0
65,26,7,3,2,42,10,2,0
13,55,12,1,1,86,10,2,0
41,16,4,2,0,87,10,2,0
86,69,2,0,0,86,10,2,0
81,45,1,3,0,66,10,2,0
96,39,4,2,0,75,10,2,0
57,61,19,3,2,26,10,2,0
69,13,12,1,0,35,10,2,0
17,32,8,0,1,52,10,2,0
7,58,19,3,1,52,10,2,0
59,44,12,2,2,60,11,2,0
68,51,14,1,2,50,11,2,0
107,49,11,1,0,59,11,2,0
41,65,11,0,2,56,11,2,0
69,64,19,3,2,44,11,2,0
27,64,15,1,1,65,11,2,0
74,14,2,1,0,52,11,2,0
77,68,17,3,2,87,11,2,0
40,13,6,1,0,85,11,2,0
57,23,7,1,2,53,11,2,0
6,51,7,1,1,53,11,2,0
55,64,1,0,2,46,11,2,0
21,50,17,1,1,33,12,2,0
109,49,9,0,0,75,12,2,0
12,20,15,0,1,45,12,2,0
23,26,10,0,1,28,12,2,0
56,30,9,0,2,62,12,2,0
99,36,10,0,0,41,12,2,0
62,24,0,3,2,26,12,2,0
66,24,9,1,2,39,12,2,0
119,62,10,0,0,75,12,2,0
51,18,2,2,0,61,12,2,0
47,44,1,1,2,72,12,2,0
70,46,19,2,2,23,12,2,0
8,68,0,3,1,62,13,2,0
71,32,4,0,2,32,13,2,0
50,58,6,1,2,87,13,2,0
39,25,0,0,1,21,13,2,0
16,11,12,1,0,46,13,2,0
119,45,9,1,0,58,13,2,0
17,44,2,1,1,20,13,2,0
64,39,9,2,2,56,13,2,0
62,50,9,3,2,60,13,2,0
58,11,17,1,0,88,13,2,0
54,18,4,1,0,50,13,2,0
49,38,12,3,2,82,13,2,0
64,22,9,0,2,34,14,2,0
118,36,5,1,0,24,14,2,0
61,38,1,1,2,86,14,2,0
118,48,5,1,0,46,14,2,0
66,13,0,0,0,54,14,2,0
29,17,7,0,0,23,14,2,0
109,20,8,0,0,90,14,2,0
11,37,13,2,1,58,14,2,0
116,70,0,0,0,64,14,2,0
38,47,9,1,1,64,14,2,0
50,47,15,3,2,29,14,2,0
47,49,18,3,2,35,14,2,0
103,43,18,2,0,24,15,2,0
8,24,12,1,1,51,15,2,0
16,69,5,1,1,43,15,2,0
72,35,5,1,2,63,15,2,0
105,36,18,2,0,39,15,2,0
39,60,9,3,1,39,15,2,0
58,32,3,1,2,25,15,2,0
99,46,6,3,0,50,15,2,0
79,20,2,3,2,89,15,2,0
64,48,13,1,2,32,15,2,0
29,50,12,3,1,37,15,2,0
66,67,6,1,2,76,15,2,0
18,43,9,3,1,32,16,2,0
12,19,15,2,0,25,16,2,0
32,20,5,2,1,41,16,2,0
6,20,10,2,1,71,16,2,0
79,48,10,2,2,88,16,2,0
119,67,12,3,0,34,16,2,0
112,14,2,3,0,51,16,2,0
37,39,14,0,1,41,16,2,0
53,27,8,3,2,57,16,2,0
98,35,12,0,0,40,16,2,0
17,34,7,1,1,37,16,2,0
60,70,17,1,2,63,16,2,0
73,19,4,0,0,34,17,2,0
54,13,13,3,0,67,17,2,0
52,23,17,2,2,42,17,2,0
12,23,16,0,1,35,17,2,0
109,22,18,3,0,59,17,2,0
59,18,12,0,0,26,17,2,0
52,49,19,1,2,65,17,2,0
54,40,3,2,2,26,17,2,0
66,68,10,3,2,32,17,2,0
20,32,1,1,1,61,17,2,0
38,35,3,3,1,61,17,2,0
35,13,15,0,0,51,17,2,0
98,34,14,1,0,87,18,2,0
68,63,18,2,2,78,18,2,0
34,48,4,1,1,50,18,2,0
65,39,11,0,2,83,18,2,0
43,32,11,1,2,33,18,2,0
116,47,16,1,0,25,18,2,0
61,15,8,0,0,34,18,2,0
104,69,1,0,0,71,18,2,0
67,51,17,3,2,24,18,2,0
82,51,16,1,0,43,18,2,0
59,50,13,0,2,30,18,2,0
75,58,8,0,2,57,18,2,0
9,63,5,3,1,60,19,2,0
83,55,9,0,0,53,19,2,0
22,57,9,1,1,47,19,2,0
92,11,13,2,0,50,19,2,0
67,33,15,1,2,29,19,2,0
21,17,5,1,0,33,19,2,0
36,60,17,0,1,60,19,2,0
38,14,13,0,0,41,19,2,0
90,69,4,3,0,84,19,2,0
88,47,6,3,0,45,19,2,0
84,18,10,3,0,55,19,2,0
77,64,14,0,2,85,19,2,0
11,18,11,1,0,23,20,2,0
54,32,0,0,2,59,20,2,0
109,42,19,2,0,60,20,2,0
107,44,12,0,0,36,20,2,0
48,58,1,2,2,23,20,2,0
53,49,7,3,2,36,20,2,0
53,52,5,0,2,46,20,2,0
104,52,1,0,0,86,20,2,0
35,22,17,0,1,57,20,2,0
23,36,16,0,1,40,20,2,0
68,70,3,2,2,74,20,2,0
62,59,16,0,2,36,20,2,0
54,58,3,2,2,22,21,2,0
30,11,4,1,0,25,21,2,0
97,66,6,0,0,72,21,2,0
31,69,3,1,1,50,21,2,0
86,35,15,3,0,21,21,2,0
33,22,19,1,1,26,21,2,0
111,14,0,2,0,79,21,2,0
15,33,6,3,1,30,21,2,0
89,61,12,0,0,84,21,2,0
7,45,11,1,1,52,21,2,0
61,47,9,0,2,75,21,2,0
81,38,3,3,0,26,21,2,0
68,34,3,0,2,85,22,2,0
42,63,6,0,2,25,22,2,0
81,44,2,3,0,83,22,2,0
76,39,16,0,2,54,22,2,0
90,56,19,2,0,63,22,2,0
68,40,9,2,2,74,22,2,0
15,50,19,0,1,64,22,2,0
21,37,9,1,1,88,22,2,0
21,12,4,1,0,62,22,2,0
8,16,7,0,0,29,22,2,0
52,52,12,0,2,61,22,2,0
110,10,11,2,0,28,22,2,0
67,23,18,2,2,61,23,2,0
49,42,17,2,2,85,23,2,0
45,16,10,0,0,43,23,2,0
70,46,10,1,2,28,23,2,0
80,38,1,0,2,27,23,2,0
113,52,0,3,0,53,23,2,0
89,43,17,0,0,65,23,2,0
29,33,0,1,1,60,23,2,0
47,64,5,1,2,74,23,2,0
111,16,5,2,0,47,23,2,0
50,37,0,3,2,69,23,2,0
89,36,8,0,0,74,23,2,0
101,20,11,3,0,37,0,3,0
56,62,3,2,2,54,0,3,0
36,58,9,1,1,48,0,3,0
56,44,14,3,2,42,0,3,0
43,57,19,3,2,61,0,3,0
93,68,5,1,0,90,0,3,0
65,59,19,3,2,25,0,3,0
28,22,3,3,1,78,0,3,0
30,66,2,2,1,21,0,3,0
66,64,10,3,2,89,0,3,0
91,17,12,2,0,70,0,3,0
53,20,17,0,2,20,0,3,0
64,44,2,3,2,46,1,3,0
34,46,14,1,1,40,1,3,0
51,51,0,1,2,64,1,3,0
42,27,17,1,2,23,1,3,0
65,59,12,1,2,88,1,3,0
19,16,1,2,0,83,1,3,0
42,53,10,2,2,39,1,3,0
22,43,1,0,1,66,1,3,0
113,15,9,2,0,83,1,3,0
54,21,15,0,2,53,1,3,0
26,26,4,2,1,73,1,3,0
78,67,0,2,2,37,1,3,0
17,15,15,2,0,52,2,3,0
26,24,0,0,1,70,2,3,0
59,37,0,3,2,88,2,3,0
113,55,4,2,0,67,2,3,0
33,10,12,3,0,46,2,3,0
107,37,8,3,0,84,2,3,0
7,15,19,3,0,74,2,3,0
68,60,8,1,2,58,2,3,0
23,43,17,0,1,59,2,3,0
23,38,4,3,1,81,2,3,0
78,57,13,3,2,43,2,3,0
19,41,15,0,1,78,2,3,0
111,36,4,2,0,90,3,3,0
65,13,13,1,0,86,3,3,0
97,63,16,2,0,37,3,3,0
8,62,14,1,1,36,3,3,0
84,52,16,1,0,22,3,3,0
93,29,6,1,0,33,3,3,0
80,59,10,1,2,66,3,3,0
65,51,4,0,2,68,3,3,0
29,63,12,0,1,82,3,3,0
71,49,4,1,2,55,3,3,0
18,56,19,0,1,27,3,3,0
60,21,10,2,2,51,3,3,0
46,24,4,3,2,90,4,3,0
55,13,10,0,0,79,4,3,0
12,52,13,3,1,34,4,3,0
34,18,9,0,0,85,4,3,0
116,62,12,2,0,45,4,3,0
62,50,19,3,2,21,4,3,0
91,67,11,3,0,73,4,3,0
112,36,18,3,0,29,4,3,0
28,31,12,3,1,86,4,3,0
82,63,16,2,0,88,4,3,0
15,45,5,1,1,41,4,3,0
67,61,6,3,2,33,4,3,0
30,38,5,3,1,41,5,3,0
116,70,1,2,0,40,5,3,0
109,34,17,0,0,34,5,3,0
106,47,18,3,0,30,5,3,0
26,38,4,1,1,83,5,3,0
99,41,18,3,0,44,5,3,0
10,43,7,1,1,48,5,3,0
47,36,2,2,2,41,5,3,0
105,37,15,1,0,79,5,3,0
93,68,7,2,0,85,5,3,0
88,52,13,0,0,68,5,3,0
9,60,0,3,1,46,5,3,0
60,30,9,0,2,50,6,3,0
59,14,6,2,0,59,6,3,0
29,41,4,0,1,57,6,3,0
37,23,3,3,1,37,6,3,0
31,19,4,1,0,20,6,3,0
29,64,7,3,1,55,6,3,0
53,42,11,1,2,64,6,3,0
20,15,7,1,0,38,6,3,0
107,18,11,2,0,60,6,3,0
67,36,16,1,2,40,6,3,0
105,58,14,1,0,80,6,3,0
93,47,1,2,0,49,6,3,0
69,28,17,3,2,43,7,3,0
12,15,2,1,0,32,7,3,0
43,61,1,0,2,34,7,3,0
50,30,1,1,2,31,7,3,0
43,13,10,2,0,80,7,3,0
74,62,12,0,2,31,7,3,0
116,10,1,1,0,34,7,3,0
108,10,18,2,0,61,7,3,0
65,38,11,2,2,88,7,3,0
10,53,7,0,1,44,7,3,0
25,47,18,3,1,71,7,3,0
26,57,2,2,1,76,7,3,0
37,13,17,1,0,45,8,3,0
37,38,5,2,1,57,8,3,0
38,64,19,3,1,39,8,3,0
23,65,2,1,1,21,8,3,0
91,21,10,0,0,36,8,3,0
109,63,14,2,0,59,8,3,0
73,51,2,3,2,43,8,3,0
102,69,19,2,0,23,8,3,0
77,54,12,3,2,39,8,3,0
92,39,14,2,0,44,8,3,0
14,41,15,3,1,28,8,3,0
75,62,8,0,2,86,8,3,0
17,46,7,3,1,30,9,3,0
51,67,18,0,2,40,9,3,0
63,62,13,1,2,69,9,3,0
98,15,5,0,0,89,9,3,0
14,69,9,2,1,32,9,3,0
88,28,13,3,0,80,9,3,0
41,34,5,2,2,53,9,3,0
66,67,14,0,2,54,9,3,0
39,38,15,1,1,40,9,3,0
57,19,15,3,0,67,9,3,0
22,39,17,0,1,88,9,3,0
119,11,17,0,0,69,9,3,0
91,39,0,2,0,63,10,3,0
70,19,17,0,0,33,10,3,0
16,34,17,2,1,28,10,3,0
72,50,13,1,2,25,10,3,0
52,54,16,0,2,67,10,3,0
64,48,9,2,2,64,10,3,0
109,33,8,3,0,26,10,3,0
107,38,14,2,0,81,10,3,0
55,51,16,1,2,52,10,3,0
120,36,11,3,0,39,10,3,0
42,29,12,3,2,90,10,3,0
82,66,17,0,0,57,10,3,0
67,48,12,2,2,73,11,3,0
43,66,14,2,2,85,11,3,0
33,46,7,2,1,78,11,3,0
107,20,16,3,0,60,11,3,0
